day,line_no,item_no,load_spec_no,component_id,pallets,qty_per_pallet,qty
2026-08-06,51,41708,160205,PALLET_WOOD_44x56,136.58,1.0,137
2026-08-06,51,41708,160205,TIERSHEET_44x56,136.58,5.0,683
2026-08-07,51,41708,160205,PALLET_WOOD_44x56,136.58,1.0,137
2026-08-07,51,41708,160205,TIERSHEET_44x56,136.58,5.0,683
2026-08-08,51,41708,160205,PALLET_WOOD_44x56,136.58,1.0,137
2026-08-08,51,41708,160205,TIERSHEET_44x56,136.58,5.0,683
2026-08-09,51,41708,160205,PALLET_WOOD_44x56,136.58,1.0,137
2026-08-09,51,41708,160205,TIERSHEET_44x56,136.58,5.0,683
2026-08-10,51,41708,160205,PALLET_WOOD_44x56,136.58,1.0,137
2026-08-10,51,41708,160205,TIERSHEET_44x56,136.58,5.0,683
2026-08-11,51,41708,160205,PALLET_WOOD_44x56,136.58,1.0,137
2026-08-11,51,41708,160205,TIERSHEET_44x56,136.58,5.0,683
2026-08-12,51,42949,210115,PALLET_WOOD_44x56,140.7,1.0,141
2026-08-12,51,42949,210115,TIERSHEET_44x56,140.7,8.0,1126
2026-08-12,51,42949,210115,TOPFRAME_WOOD_44x56,140.7,1.0,141
2026-08-12,51,42949,210115,HOOD_PLASTIC_44x56,140.7,1.0,141
2026-08-13,51,42949,210115,PALLET_WOOD_44x56,140.7,1.0,141
2026-08-13,51,42949,210115,TIERSHEET_44x56,140.7,8.0,1126
2026-08-13,51,42949,210115,TOPFRAME_WOOD_44x56,140.7,1.0,141
2026-08-13,51,42949,210115,HOOD_PLASTIC_44x56,140.7,1.0,141
2026-08-14,51,42949,210115,PALLET_WOOD_44x56,140.7,1.0,141
2026-08-14,51,42949,210115,TIERSHEET_44x56,140.7,8.0,1126
2026-08-14,51,42949,210115,TOPFRAME_WOOD_44x56,140.7,1.0,141
2026-08-14,51,42949,210115,HOOD_PLASTIC_44x56,140.7,1.0,141
2026-08-15,51,42949,210115,PALLET_WOOD_44x56,140.7,1.0,141
2026-08-15,51,42949,210115,TIERSHEET_44x56,140.7,8.0,1126
2026-08-15,51,42949,210115,TOPFRAME_WOOD_44x56,140.7,1.0,141
2026-08-15,51,42949,210115,HOOD_PLASTIC_44x56,140.7,1.0,141
2026-08-16,51,42949,210115,PALLET_WOOD_44x56,140.7,1.0,141
2026-08-16,51,42949,210115,TIERSHEET_44x56,140.7,8.0,1126
2026-08-16,51,42949,210115,TOPFRAME_WOOD_44x56,140.7,1.0,141
2026-08-16,51,42949,210115,HOOD_PLASTIC_44x56,140.7,1.0,141
2026-08-17,51,42949,210115,PALLET_WOOD_44x56,140.7,1.0,141
2026-08-17,51,42949,210115,TIERSHEET_44x56,140.7,8.0,1126
2026-08-17,51,42949,210115,TOPFRAME_WOOD_44x56,140.7,1.0,141
2026-08-17,51,42949,210115,HOOD_PLASTIC_44x56,140.7,1.0,141
2026-08-18,51,42949,210115,PALLET_WOOD_44x56,140.7,1.0,141
2026-08-18,51,42949,210115,TIERSHEET_44x56,140.7,8.0,1126
2026-08-18,51,42949,210115,TOPFRAME_WOOD_44x56,140.7,1.0,141
2026-08-18,51,42949,210115,HOOD_PLASTIC_44x56,140.7,1.0,141
2026-08-19,51,42949,210115,PALLET_WOOD_44x56,140.7,1.0,141
2026-08-19,51,42949,210115,TIERSHEET_44x56,140.7,8.0,1126
2026-08-19,51,42949,210115,TOPFRAME_WOOD_44x56,140.7,1.0,141
2026-08-19,51,42949,210115,HOOD_PLASTIC_44x56,140.7,1.0,141
2026-08-20,51,42949,210115,PALLET_WOOD_44x56,140.7,1.0,141
2026-08-20,51,42949,210115,TIERSHEET_44x56,140.7,8.0,1126
2026-08-20,51,42949,210115,TOPFRAME_WOOD_44x56,140.7,1.0,141
2026-08-20,51,42949,210115,HOOD_PLASTIC_44x56,140.7,1.0,141
2026-08-21,51,42949,210115,PALLET_WOOD_44x56,140.7,1.0,141
2026-08-21,51,42949,210115,TIERSHEET_44x56,140.7,8.0,1126
2026-08-21,51,42949,210115,TOPFRAME_WOOD_44x56,140.7,1.0,141
2026-08-21,51,42949,210115,HOOD_PLASTIC_44x56,140.7,1.0,141
2026-08-22,51,42949,210115,PALLET_WOOD_44x56,140.7,1.0,141
2026-08-22,51,42949,210115,TIERSHEET_44x56,140.7,8.0,1126
2026-08-22,51,42949,210115,TOPFRAME_WOOD_44x56,140.7,1.0,141
2026-08-22,51,42949,210115,HOOD_PLASTIC_44x56,140.7,1.0,141
2026-08-23,51,42949,210115,PALLET_WOOD_44x56,140.7,1.0,141
2026-08-23,51,42949,210115,TIERSHEET_44x56,140.7,8.0,1126
2026-08-23,51,42949,210115,TOPFRAME_WOOD_44x56,140.7,1.0,141
2026-08-23,51,42949,210115,HOOD_PLASTIC_44x56,140.7,1.0,141
2026-08-24,51,42949,210115,PALLET_WOOD_44x56,140.7,1.0,141
2026-08-24,51,42949,210115,TIERSHEET_44x56,140.7,8.0,1126
2026-08-24,51,42949,210115,TOPFRAME_WOOD_44x56,140.7,1.0,141
2026-08-24,51,42949,210115,HOOD_PLASTIC_44x56,140.7,1.0,141
2026-08-25,51,42949,210115,PALLET_WOOD_44x56,140.7,1.0,141
2026-08-25,51,42949,210115,TIERSHEET_44x56,140.7,8.0,1126
2026-08-25,51,42949,210115,TOPFRAME_WOOD_44x56,140.7,1.0,141
2026-08-25,51,42949,210115,HOOD_PLASTIC_44x56,140.7,1.0,141
2026-08-26,51,42949,210115,PALLET_WOOD_44x56,140.7,1.0,141
2026-08-26,51,42949,210115,TIERSHEET_44x56,140.7,8.0,1126
2026-08-26,51,42949,210115,TOPFRAME_WOOD_44x56,140.7,1.0,141
2026-08-26,51,42949,210115,HOOD_PLASTIC_44x56,140.7,1.0,141
2026-08-27,51,42949,210115,PALLET_WOOD_44x56,140.7,1.0,141
2026-08-27,51,42949,210115,TIERSHEET_44x56,140.7,8.0,1126
2026-08-27,51,42949,210115,TOPFRAME_WOOD_44x56,140.7,1.0,141
2026-08-27,51,42949,210115,HOOD_PLASTIC_44x56,140.7,1.0,141
2026-08-28,51,42949,210115,PALLET_WOOD_44x56,140.7,1.0,141
2026-08-28,51,42949,210115,TIERSHEET_44x56,140.7,8.0,1126
2026-08-28,51,42949,210115,TOPFRAME_WOOD_44x56,140.7,1.0,141
2026-08-28,51,42949,210115,HOOD_PLASTIC_44x56,140.7,1.0,141
2026-08-29,51,42949,210115,PALLET_WOOD_44x56,140.7,1.0,141
2026-08-29,51,42949,210115,TIERSHEET_44x56,140.7,8.0,1126
2026-08-29,51,42949,210115,TOPFRAME_WOOD_44x56,140.7,1.0,141
2026-08-29,51,42949,210115,HOOD_PLASTIC_44x56,140.7,1.0,141
2026-08-30,51,41584,160204,PALLET_WOOD_44x56,216.07,1.0,216
2026-08-30,51,41584,160204,TIERSHEET_44x56,216.07,4.0,864
2026-08-31,51,41584,160204,PALLET_WOOD_44x56,216.07,1.0,216
2026-08-31,51,41584,160204,TIERSHEET_44x56,216.07,4.0,864
2026-09-01,51,41584,160204,PALLET_WOOD_44x56,216.07,1.0,216
2026-09-01,51,41584,160204,TIERSHEET_44x56,216.07,4.0,864
2026-09-02,51,41584,160204,PALLET_WOOD_44x56,216.07,1.0,216
2026-09-02,51,41584,160204,TIERSHEET_44x56,216.07,4.0,864
2026-09-03,51,41584,160204,PALLET_WOOD_44x56,216.07,1.0,216
2026-09-03,51,41584,160204,TIERSHEET_44x56,216.07,4.0,864
2026-09-04,51,41584,160204,PALLET_WOOD_44x56,216.07,1.0,216
2026-09-04,51,41584,160204,TIERSHEET_44x56,216.07,4.0,864
2026-09-05,51,41584,160204,PALLET_WOOD_44x56,216.07,1.0,216
2026-09-05,51,41584,160204,TIERSHEET_44x56,216.07,4.0,864
2026-09-06,51,41584,160204,PALLET_WOOD_44x56,216.07,1.0,216
2026-09-06,51,41584,160204,TIERSHEET_44x56,216.07,4.0,864
2026-09-07,51,41584,160204,PALLET_WOOD_44x56,216.07,1.0,216
2026-09-07,51,41584,160204,TIERSHEET_44x56,216.07,4.0,864
2026-09-08,51,41584,160204,PALLET_WOOD_44x56,216.07,1.0,216
2026-09-08,51,41584,160204,TIERSHEET_44x56,216.07,4.0,864
2026-09-09,51,41584,160204,PALLET_WOOD_44x56,216.07,1.0,216
2026-09-09,51,41584,160204,TIERSHEET_44x56,216.07,4.0,864
2026-09-10,51,41584,160204,PALLET_WOOD_44x56,216.07,1.0,216
2026-09-10,51,41584,160204,TIERSHEET_44x56,216.07,4.0,864
2026-09-11,51,42796,210114,PALLET_WOOD_40x48,212.15,1.0,212
2026-09-11,51,42796,210114,TIERSHEET_40x48,212.15,6.0,1273
2026-09-11,51,42796,210114,TOPFRAME_WOOD_40x48,212.15,1.0,212
2026-09-12,51,42796,210114,PALLET_WOOD_40x48,212.15,1.0,212
2026-09-12,51,42796,210114,TIERSHEET_40x48,212.15,6.0,1273
2026-09-12,51,42796,210114,TOPFRAME_WOOD_40x48,212.15,1.0,212
2026-09-13,51,42796,210114,PALLET_WOOD_40x48,212.15,1.0,212
2026-09-13,51,42796,210114,TIERSHEET_40x48,212.15,6.0,1273
2026-09-13,51,42796,210114,TOPFRAME_WOOD_40x48,212.15,1.0,212
2026-09-14,51,42796,210114,PALLET_WOOD_40x48,212.15,1.0,212
2026-09-14,51,42796,210114,TIERSHEET_40x48,212.15,6.0,1273
2026-09-14,51,42796,210114,TOPFRAME_WOOD_40x48,212.15,1.0,212
2026-09-15,51,42796,210114,PALLET_WOOD_40x48,212.15,1.0,212
2026-09-15,51,42796,210114,TIERSHEET_40x48,212.15,6.0,1273
2026-09-15,51,42796,210114,TOPFRAME_WOOD_40x48,212.15,1.0,212
2026-09-16,51,42796,210114,PALLET_WOOD_40x48,212.15,1.0,212
2026-09-16,51,42796,210114,TIERSHEET_40x48,212.15,6.0,1273
2026-09-16,51,42796,210114,TOPFRAME_WOOD_40x48,212.15,1.0,212
2026-09-17,51,42796,210114,PALLET_WOOD_40x48,212.15,1.0,212
2026-09-17,51,42796,210114,TIERSHEET_40x48,212.15,6.0,1273
2026-09-17,51,42796,210114,TOPFRAME_WOOD_40x48,212.15,1.0,212
2026-09-18,51,42796,210114,PALLET_WOOD_40x48,212.15,1.0,212
2026-09-18,51,42796,210114,TIERSHEET_40x48,212.15,6.0,1273
2026-09-18,51,42796,210114,TOPFRAME_WOOD_40x48,212.15,1.0,212
2026-09-19,51,42796,210114,PALLET_WOOD_40x48,212.15,1.0,212
2026-09-19,51,42796,210114,TIERSHEET_40x48,212.15,6.0,1273
2026-09-19,51,42796,210114,TOPFRAME_WOOD_40x48,212.15,1.0,212
2026-09-20,51,42796,210114,PALLET_WOOD_40x48,212.15,1.0,212
2026-09-20,51,42796,210114,TIERSHEET_40x48,212.15,6.0,1273
2026-09-20,51,42796,210114,TOPFRAME_WOOD_40x48,212.15,1.0,212
2026-09-21,51,42796,210114,PALLET_WOOD_40x48,212.15,1.0,212
2026-09-21,51,42796,210114,TIERSHEET_40x48,212.15,6.0,1273
2026-09-21,51,42796,210114,TOPFRAME_WOOD_40x48,212.15,1.0,212
2026-09-22,51,42796,210114,PALLET_WOOD_40x48,212.15,1.0,212
2026-09-22,51,42796,210114,TIERSHEET_40x48,212.15,6.0,1273
2026-09-22,51,42796,210114,TOPFRAME_WOOD_40x48,212.15,1.0,212
2026-09-23,51,42796,210114,PALLET_WOOD_40x48,212.15,1.0,212
2026-09-23,51,42796,210114,TIERSHEET_40x48,212.15,6.0,1273
2026-09-23,51,42796,210114,TOPFRAME_WOOD_40x48,212.15,1.0,212
2026-09-24,51,42796,210114,PALLET_WOOD_40x48,212.15,1.0,212
2026-09-24,51,42796,210114,TIERSHEET_40x48,212.15,6.0,1273
2026-09-24,51,42796,210114,TOPFRAME_WOOD_40x48,212.15,1.0,212
2026-09-25,51,42796,210114,PALLET_WOOD_40x48,212.15,1.0,212
2026-09-25,51,42796,210114,TIERSHEET_40x48,212.15,6.0,1273
2026-09-25,51,42796,210114,TOPFRAME_WOOD_40x48,212.15,1.0,212
2026-09-26,51,41963,210108,PALLET_WOOD_40x48,171.54,1.0,172
2026-09-26,51,41963,210108,TIERSHEET_40x48,171.54,5.0,858
2026-09-26,51,41963,210108,TOPFRAME_WOOD_40x48,171.54,1.0,172
2026-09-27,51,41963,210108,PALLET_WOOD_40x48,171.54,1.0,172
2026-09-27,51,41963,210108,TIERSHEET_40x48,171.54,5.0,858
2026-09-27,51,41963,210108,TOPFRAME_WOOD_40x48,171.54,1.0,172
2026-09-28,51,41963,210108,PALLET_WOOD_40x48,171.54,1.0,172
2026-09-28,51,41963,210108,TIERSHEET_40x48,171.54,5.0,858
2026-09-28,51,41963,210108,TOPFRAME_WOOD_40x48,171.54,1.0,172
2026-09-29,51,41963,210108,PALLET_WOOD_40x48,171.54,1.0,172
2026-09-29,51,41963,210108,TIERSHEET_40x48,171.54,5.0,858
2026-09-29,51,41963,210108,TOPFRAME_WOOD_40x48,171.54,1.0,172
2026-09-30,51,41963,210108,PALLET_WOOD_40x48,171.54,1.0,172
2026-09-30,51,41963,210108,TIERSHEET_40x48,171.54,5.0,858
2026-09-30,51,41963,210108,TOPFRAME_WOOD_40x48,171.54,1.0,172
2026-10-01,51,41963,210108,PALLET_WOOD_40x48,171.54,1.0,172
2026-10-01,51,41963,210108,TIERSHEET_40x48,171.54,5.0,858
2026-10-01,51,41963,210108,TOPFRAME_WOOD_40x48,171.54,1.0,172
2026-10-02,51,41963,210108,PALLET_WOOD_40x48,171.54,1.0,172
2026-10-02,51,41963,210108,TIERSHEET_40x48,171.54,5.0,858
2026-10-02,51,41963,210108,TOPFRAME_WOOD_40x48,171.54,1.0,172
2026-10-03,51,41963,210108,PALLET_WOOD_40x48,171.54,1.0,172
2026-10-03,51,41963,210108,TIERSHEET_40x48,171.54,5.0,858
2026-10-03,51,41963,210108,TOPFRAME_WOOD_40x48,171.54,1.0,172
2026-10-04,51,41963,210108,PALLET_WOOD_40x48,171.54,1.0,172
2026-10-04,51,41963,210108,TIERSHEET_40x48,171.54,5.0,858
2026-10-04,51,41963,210108,TOPFRAME_WOOD_40x48,171.54,1.0,172
2026-10-05,51,41963,210108,PALLET_WOOD_40x48,171.54,1.0,172
2026-10-05,51,41963,210108,TIERSHEET_40x48,171.54,5.0,858
2026-10-05,51,41963,210108,TOPFRAME_WOOD_40x48,171.54,1.0,172
2026-10-06,51,41963,210108,PALLET_WOOD_40x48,171.54,1.0,172
2026-10-06,51,41963,210108,TIERSHEET_40x48,171.54,5.0,858
2026-10-06,51,41963,210108,TOPFRAME_WOOD_40x48,171.54,1.0,172
2026-10-07,51,41963,210108,PALLET_WOOD_40x48,171.54,1.0,172
2026-10-07,51,41963,210108,TIERSHEET_40x48,171.54,5.0,858
2026-10-07,51,41963,210108,TOPFRAME_WOOD_40x48,171.54,1.0,172
2026-10-08,51,41963,210108,PALLET_WOOD_40x48,171.54,1.0,172
2026-10-08,51,41963,210108,TIERSHEET_40x48,171.54,5.0,858
2026-10-08,51,41963,210108,TOPFRAME_WOOD_40x48,171.54,1.0,172
2026-10-09,51,41963,210108,PALLET_WOOD_40x48,171.54,1.0,172
2026-10-09,51,41963,210108,TIERSHEET_40x48,171.54,5.0,858
2026-10-09,51,41963,210108,TOPFRAME_WOOD_40x48,171.54,1.0,172
2026-10-10,51,41963,210108,PALLET_WOOD_40x48,171.54,1.0,172
2026-10-10,51,41963,210108,TIERSHEET_40x48,171.54,5.0,858
2026-10-10,51,41963,210108,TOPFRAME_WOOD_40x48,171.54,1.0,172
2026-10-11,51,41963,210108,PALLET_WOOD_40x48,171.54,1.0,172
2026-10-11,51,41963,210108,TIERSHEET_40x48,171.54,5.0,858
2026-10-11,51,41963,210108,TOPFRAME_WOOD_40x48,171.54,1.0,172
2026-10-12,51,42258,210110,PALLET_WOOD_40x48,103.56,1.0,104
2026-10-12,51,42258,210110,TIERSHEET_40x48,103.56,6.0,621
2026-10-12,51,42258,210110,TOPFRAME_WOOD_40x48,103.56,1.0,104
2026-10-13,51,42258,210110,PALLET_WOOD_40x48,103.56,1.0,104
2026-10-13,51,42258,210110,TIERSHEET_40x48,103.56,6.0,621
2026-10-13,51,42258,210110,TOPFRAME_WOOD_40x48,103.56,1.0,104
2026-10-14,51,42258,210110,PALLET_WOOD_40x48,103.56,1.0,104
2026-10-14,51,42258,210110,TIERSHEET_40x48,103.56,6.0,621
2026-10-14,51,42258,210110,TOPFRAME_WOOD_40x48,103.56,1.0,104
2026-10-15,51,42258,210110,PALLET_WOOD_40x48,103.56,1.0,104
2026-10-15,51,42258,210110,TIERSHEET_40x48,103.56,6.0,621
2026-10-15,51,42258,210110,TOPFRAME_WOOD_40x48,103.56,1.0,104
2026-10-16,51,42258,210110,PALLET_WOOD_40x48,103.56,1.0,104
2026-10-16,51,42258,210110,TIERSHEET_40x48,103.56,6.0,621
2026-10-16,51,42258,210110,TOPFRAME_WOOD_40x48,103.56,1.0,104
2026-10-17,51,42258,210110,PALLET_WOOD_40x48,103.56,1.0,104
2026-10-17,51,42258,210110,TIERSHEET_40x48,103.56,6.0,621
2026-10-17,51,42258,210110,TOPFRAME_WOOD_40x48,103.56,1.0,104
2026-10-18,51,42258,210110,PALLET_WOOD_40x48,103.56,1.0,104
2026-10-18,51,42258,210110,TIERSHEET_40x48,103.56,6.0,621
2026-10-18,51,42258,210110,TOPFRAME_WOOD_40x48,103.56,1.0,104
2026-10-19,51,42796,210114,PALLET_WOOD_40x48,173.27,1.0,173
2026-10-19,51,42796,210114,TIERSHEET_40x48,173.27,6.0,1040
2026-10-19,51,42796,210114,TOPFRAME_WOOD_40x48,173.27,1.0,173
2026-10-20,51,42796,210114,PALLET_WOOD_40x48,173.27,1.0,173
2026-10-20,51,42796,210114,TIERSHEET_40x48,173.27,6.0,1040
2026-10-20,51,42796,210114,TOPFRAME_WOOD_40x48,173.27,1.0,173
2026-10-21,51,42796,210114,PALLET_WOOD_40x48,173.27,1.0,173
2026-10-21,51,42796,210114,TIERSHEET_40x48,173.27,6.0,1040
2026-10-21,51,42796,210114,TOPFRAME_WOOD_40x48,173.27,1.0,173
2026-10-22,51,42796,210114,PALLET_WOOD_40x48,173.27,1.0,173
2026-10-22,51,42796,210114,TIERSHEET_40x48,173.27,6.0,1040
2026-10-22,51,42796,210114,TOPFRAME_WOOD_40x48,173.27,1.0,173
2026-10-23,51,42796,210114,PALLET_WOOD_40x48,173.27,1.0,173
2026-10-23,51,42796,210114,TIERSHEET_40x48,173.27,6.0,1040
2026-10-23,51,42796,210114,TOPFRAME_WOOD_40x48,173.27,1.0,173
2026-10-24,51,42796,210114,PALLET_WOOD_40x48,173.27,1.0,173
2026-10-24,51,42796,210114,TIERSHEET_40x48,173.27,6.0,1040
2026-10-24,51,42796,210114,TOPFRAME_WOOD_40x48,173.27,1.0,173
2026-10-25,51,42796,210114,PALLET_WOOD_40x48,173.27,1.0,173
2026-10-25,51,42796,210114,TIERSHEET_40x48,173.27,6.0,1040
2026-10-25,51,42796,210114,TOPFRAME_WOOD_40x48,173.27,1.0,173
2026-10-26,51,42796,210114,PALLET_WOOD_40x48,173.27,1.0,173
2026-10-26,51,42796,210114,TIERSHEET_40x48,173.27,6.0,1040
2026-10-26,51,42796,210114,TOPFRAME_WOOD_40x48,173.27,1.0,173
2026-10-27,51,42796,210114,PALLET_WOOD_40x48,173.27,1.0,173
2026-10-27,51,42796,210114,TIERSHEET_40x48,173.27,6.0,1040
2026-10-27,51,42796,210114,TOPFRAME_WOOD_40x48,173.27,1.0,173
2026-10-28,51,42796,210114,PALLET_WOOD_40x48,173.27,1.0,173
2026-10-28,51,42796,210114,TIERSHEET_40x48,173.27,6.0,1040
2026-10-28,51,42796,210114,TOPFRAME_WOOD_40x48,173.27,1.0,173
2026-10-29,51,42796,210114,PALLET_WOOD_40x48,173.27,1.0,173
2026-10-29,51,42796,210114,TIERSHEET_40x48,173.27,6.0,1040
2026-10-29,51,42796,210114,TOPFRAME_WOOD_40x48,173.27,1.0,173
2026-10-30,51,42796,210114,PALLET_WOOD_40x48,173.27,1.0,173
2026-10-30,51,42796,210114,TIERSHEET_40x48,173.27,6.0,1040
2026-10-30,51,42796,210114,TOPFRAME_WOOD_40x48,173.27,1.0,173
2026-10-31,51,42796,210114,PALLET_WOOD_40x48,173.27,1.0,173
2026-10-31,51,42796,210114,TIERSHEET_40x48,173.27,6.0,1040
2026-10-31,51,42796,210114,TOPFRAME_WOOD_40x48,173.27,1.0,173
2026-11-01,51,42796,210114,PALLET_WOOD_40x48,340.98,1.0,341
2026-11-01,51,42796,210114,TIERSHEET_40x48,340.98,6.0,2046
2026-11-01,51,42796,210114,TOPFRAME_WOOD_40x48,340.98,1.0,341
2026-11-02,51,42796,210114,PALLET_WOOD_40x48,340.98,1.0,341
2026-11-02,51,42796,210114,TIERSHEET_40x48,340.98,6.0,2046
2026-11-02,51,42796,210114,TOPFRAME_WOOD_40x48,340.98,1.0,341
2026-11-03,51,42796,210114,PALLET_WOOD_40x48,340.98,1.0,341
2026-11-03,51,42796,210114,TIERSHEET_40x48,340.98,6.0,2046
2026-11-03,51,42796,210114,TOPFRAME_WOOD_40x48,340.98,1.0,341
2026-11-04,51,42796,210114,PALLET_WOOD_40x48,340.98,1.0,341
2026-11-04,51,42796,210114,TIERSHEET_40x48,340.98,6.0,2046
2026-11-04,51,42796,210114,TOPFRAME_WOOD_40x48,340.98,1.0,341
2026-11-05,51,42796,210114,PALLET_WOOD_40x48,340.98,1.0,341
2026-11-05,51,42796,210114,TIERSHEET_40x48,340.98,6.0,2046
2026-11-05,51,42796,210114,TOPFRAME_WOOD_40x48,340.98,1.0,341
2026-11-06,51,42796,210114,PALLET_WOOD_40x48,340.98,1.0,341
2026-11-06,51,42796,210114,TIERSHEET_40x48,340.98,6.0,2046
2026-11-06,51,42796,210114,TOPFRAME_WOOD_40x48,340.98,1.0,341
2026-11-07,51,42796,210114,PALLET_WOOD_40x48,340.98,1.0,341
2026-11-07,51,42796,210114,TIERSHEET_40x48,340.98,6.0,2046
2026-11-07,51,42796,210114,TOPFRAME_WOOD_40x48,340.98,1.0,341
2026-11-08,51,42796,210114,PALLET_WOOD_40x48,340.98,1.0,341
2026-11-08,51,42796,210114,TIERSHEET_40x48,340.98,6.0,2046
2026-11-08,51,42796,210114,TOPFRAME_WOOD_40x48,340.98,1.0,341
2026-11-09,51,42796,210114,PALLET_WOOD_40x48,340.98,1.0,341
2026-11-09,51,42796,210114,TIERSHEET_40x48,340.98,6.0,2046
2026-11-09,51,42796,210114,TOPFRAME_WOOD_40x48,340.98,1.0,341
2026-11-10,51,42796,210114,PALLET_WOOD_40x48,340.98,1.0,341
2026-11-10,51,42796,210114,TIERSHEET_40x48,340.98,6.0,2046
2026-11-10,51,42796,210114,TOPFRAME_WOOD_40x48,340.98,1.0,341
2026-11-11,51,42796,210114,PALLET_WOOD_40x48,340.98,1.0,341
2026-11-11,51,42796,210114,TIERSHEET_40x48,340.98,6.0,2046
2026-11-11,51,42796,210114,TOPFRAME_WOOD_40x48,340.98,1.0,341
2026-11-12,51,42796,210114,PALLET_WOOD_40x48,340.98,1.0,341
2026-11-12,51,42796,210114,TIERSHEET_40x48,340.98,6.0,2046
2026-11-12,51,42796,210114,TOPFRAME_WOOD_40x48,340.98,1.0,341
2026-11-13,51,42796,210114,PALLET_WOOD_40x48,340.98,1.0,341
2026-11-13,51,42796,210114,TIERSHEET_40x48,340.98,6.0,2046
2026-11-13,51,42796,210114,TOPFRAME_WOOD_40x48,340.98,1.0,341
2026-11-14,51,42796,210114,PALLET_WOOD_40x48,340.98,1.0,341
2026-11-14,51,42796,210114,TIERSHEET_40x48,340.98,6.0,2046
2026-11-14,51,42796,210114,TOPFRAME_WOOD_40x48,340.98,1.0,341
2026-11-15,51,42796,210114,PALLET_WOOD_40x48,340.98,1.0,341
2026-11-15,51,42796,210114,TIERSHEET_40x48,340.98,6.0,2046
2026-11-15,51,42796,210114,TOPFRAME_WOOD_40x48,340.98,1.0,341
2026-11-16,51,42796,210114,PALLET_WOOD_40x48,340.98,1.0,341
2026-11-16,51,42796,210114,TIERSHEET_40x48,340.98,6.0,2046
2026-11-16,51,42796,210114,TOPFRAME_WOOD_40x48,340.98,1.0,341
2026-11-17,51,42796,210114,PALLET_WOOD_40x48,340.98,1.0,341
2026-11-17,51,42796,210114,TIERSHEET_40x48,340.98,6.0,2046
2026-11-17,51,42796,210114,TOPFRAME_WOOD_40x48,340.98,1.0,341
2026-11-18,51,43084,210116,PALLET_WOOD_40x48,158.57,1.0,159
2026-11-18,51,43084,210116,TIERSHEET_40x48,158.57,8.0,1269
2026-11-18,51,43084,210116,TOPFRAME_WOOD_40x48,158.57,1.0,159
2026-11-18,51,43084,210116,HOOD_PLASTIC_40x48,158.57,1.0,159
2026-11-19,51,43084,210116,PALLET_WOOD_40x48,158.57,1.0,159
2026-11-19,51,43084,210116,TIERSHEET_40x48,158.57,8.0,1269
2026-11-19,51,43084,210116,TOPFRAME_WOOD_40x48,158.57,1.0,159
2026-11-19,51,43084,210116,HOOD_PLASTIC_40x48,158.57,1.0,159
2026-11-20,51,43084,210116,PALLET_WOOD_40x48,158.57,1.0,159
2026-11-20,51,43084,210116,TIERSHEET_40x48,158.57,8.0,1269
2026-11-20,51,43084,210116,TOPFRAME_WOOD_40x48,158.57,1.0,159
2026-11-20,51,43084,210116,HOOD_PLASTIC_40x48,158.57,1.0,159
2026-11-21,51,43084,210116,PALLET_WOOD_40x48,158.57,1.0,159
2026-11-21,51,43084,210116,TIERSHEET_40x48,158.57,8.0,1269
2026-11-21,51,43084,210116,TOPFRAME_WOOD_40x48,158.57,1.0,159
2026-11-21,51,43084,210116,HOOD_PLASTIC_40x48,158.57,1.0,159
2026-11-22,51,43084,210116,PALLET_WOOD_40x48,158.57,1.0,159
2026-11-22,51,43084,210116,TIERSHEET_40x48,158.57,8.0,1269
2026-11-22,51,43084,210116,TOPFRAME_WOOD_40x48,158.57,1.0,159
2026-11-22,51,43084,210116,HOOD_PLASTIC_40x48,158.57,1.0,159
2026-11-23,51,43084,210116,PALLET_WOOD_40x48,158.57,1.0,159
2026-11-23,51,43084,210116,TIERSHEET_40x48,158.57,8.0,1269
2026-11-23,51,43084,210116,TOPFRAME_WOOD_40x48,158.57,1.0,159
2026-11-23,51,43084,210116,HOOD_PLASTIC_40x48,158.57,1.0,159
2026-11-24,51,43084,210116,PALLET_WOOD_40x48,158.57,1.0,159
2026-11-24,51,43084,210116,TIERSHEET_40x48,158.57,8.0,1269
2026-11-24,51,43084,210116,TOPFRAME_WOOD_40x48,158.57,1.0,159
2026-11-24,51,43084,210116,HOOD_PLASTIC_40x48,158.57,1.0,159
2026-11-25,51,43084,210116,PALLET_WOOD_40x48,158.57,1.0,159
2026-11-25,51,43084,210116,TIERSHEET_40x48,158.57,8.0,1269
2026-11-25,51,43084,210116,TOPFRAME_WOOD_40x48,158.57,1.0,159
2026-11-25,51,43084,210116,HOOD_PLASTIC_40x48,158.57,1.0,159
2026-11-26,51,43084,210116,PALLET_WOOD_40x48,158.57,1.0,159
2026-11-26,51,43084,210116,TIERSHEET_40x48,158.57,8.0,1269
2026-11-26,51,43084,210116,TOPFRAME_WOOD_40x48,158.57,1.0,159
2026-11-26,51,43084,210116,HOOD_PLASTIC_40x48,158.57,1.0,159
2026-11-27,51,43084,210116,PALLET_WOOD_40x48,158.57,1.0,159
2026-11-27,51,43084,210116,TIERSHEET_40x48,158.57,8.0,1269
2026-11-27,51,43084,210116,TOPFRAME_WOOD_40x48,158.57,1.0,159
2026-11-27,51,43084,210116,HOOD_PLASTIC_40x48,158.57,1.0,159
2026-11-28,51,43084,210116,PALLET_WOOD_40x48,158.57,1.0,159
2026-11-28,51,43084,210116,TIERSHEET_40x48,158.57,8.0,1269
2026-11-28,51,43084,210116,TOPFRAME_WOOD_40x48,158.57,1.0,159
2026-11-28,51,43084,210116,HOOD_PLASTIC_40x48,158.57,1.0,159
2026-11-29,51,41147,160202,PALLET_WOOD_40x48,245.46,1.0,245
2026-11-29,51,41147,160202,TIERSHEET_40x48,245.46,2.0,491
2026-11-30,51,41147,160202,PALLET_WOOD_40x48,245.46,1.0,245
2026-11-30,51,41147,160202,TIERSHEET_40x48,245.46,2.0,491
2026-12-01,51,41147,160202,PALLET_WOOD_40x48,245.46,1.0,245
2026-12-01,51,41147,160202,TIERSHEET_40x48,245.46,2.0,491
2026-12-02,51,41147,160202,PALLET_WOOD_40x48,245.46,1.0,245
2026-12-02,51,41147,160202,TIERSHEET_40x48,245.46,2.0,491
2026-12-03,51,41147,160202,PALLET_WOOD_40x48,245.46,1.0,245
2026-12-03,51,41147,160202,TIERSHEET_40x48,245.46,2.0,491
2026-12-04,51,41147,160202,PALLET_WOOD_40x48,245.46,1.0,245
2026-12-04,51,41147,160202,TIERSHEET_40x48,245.46,2.0,491
2026-08-06,52,41584,160204,PALLET_WOOD_44x56,209.67,1.0,210
2026-08-06,52,41584,160204,TIERSHEET_44x56,209.67,4.0,839
2026-08-07,52,41584,160204,PALLET_WOOD_44x56,209.67,1.0,210
2026-08-07,52,41584,160204,TIERSHEET_44x56,209.67,4.0,839
2026-08-08,52,41584,160204,PALLET_WOOD_44x56,209.67,1.0,210
2026-08-08,52,41584,160204,TIERSHEET_44x56,209.67,4.0,839
2026-08-09,52,41584,160204,PALLET_WOOD_44x56,209.67,1.0,210
2026-08-09,52,41584,160204,TIERSHEET_44x56,209.67,4.0,839
2026-08-10,52,41584,160204,PALLET_WOOD_44x56,209.67,1.0,210
2026-08-10,52,41584,160204,TIERSHEET_44x56,209.67,4.0,839
2026-08-11,52,41584,160204,PALLET_WOOD_44x56,209.67,1.0,210
2026-08-11,52,41584,160204,TIERSHEET_44x56,209.67,4.0,839
2026-08-12,52,41584,160204,PALLET_WOOD_44x56,209.67,1.0,210
2026-08-12,52,41584,160204,TIERSHEET_44x56,209.67,4.0,839
2026-08-13,52,41584,160204,PALLET_WOOD_44x56,209.67,1.0,210
2026-08-13,52,41584,160204,TIERSHEET_44x56,209.67,4.0,839
2026-08-14,52,41584,160204,PALLET_WOOD_44x56,209.67,1.0,210
2026-08-14,52,41584,160204,TIERSHEET_44x56,209.67,4.0,839
2026-08-15,52,41584,160204,PALLET_WOOD_44x56,209.67,1.0,210
2026-08-15,52,41584,160204,TIERSHEET_44x56,209.67,4.0,839
2026-08-16,52,41584,160204,PALLET_WOOD_44x56,209.67,1.0,210
2026-08-16,52,41584,160204,TIERSHEET_44x56,209.67,4.0,839
2026-08-17,52,41584,160204,PALLET_WOOD_44x56,209.67,1.0,210
2026-08-17,52,41584,160204,TIERSHEET_44x56,209.67,4.0,839
2026-08-18,52,41963,210108,PALLET_WOOD_40x48,206.45,1.0,206
2026-08-18,52,41963,210108,TIERSHEET_40x48,206.45,5.0,1032
2026-08-18,52,41963,210108,TOPFRAME_WOOD_40x48,206.45,1.0,206
2026-08-19,52,41963,210108,PALLET_WOOD_40x48,206.45,1.0,206
2026-08-19,52,41963,210108,TIERSHEET_40x48,206.45,5.0,1032
2026-08-19,52,41963,210108,TOPFRAME_WOOD_40x48,206.45,1.0,206
2026-08-20,52,41963,210108,PALLET_WOOD_40x48,206.45,1.0,206
2026-08-20,52,41963,210108,TIERSHEET_40x48,206.45,5.0,1032
2026-08-20,52,41963,210108,TOPFRAME_WOOD_40x48,206.45,1.0,206
2026-08-21,52,41963,210108,PALLET_WOOD_40x48,206.45,1.0,206
2026-08-21,52,41963,210108,TIERSHEET_40x48,206.45,5.0,1032
2026-08-21,52,41963,210108,TOPFRAME_WOOD_40x48,206.45,1.0,206
2026-08-22,52,41963,210108,PALLET_WOOD_40x48,206.45,1.0,206
2026-08-22,52,41963,210108,TIERSHEET_40x48,206.45,5.0,1032
2026-08-22,52,41963,210108,TOPFRAME_WOOD_40x48,206.45,1.0,206
2026-08-23,52,41963,210108,PALLET_WOOD_40x48,206.45,1.0,206
2026-08-23,52,41963,210108,TIERSHEET_40x48,206.45,5.0,1032
2026-08-23,52,41963,210108,TOPFRAME_WOOD_40x48,206.45,1.0,206
2026-08-24,52,41963,210108,PALLET_WOOD_40x48,206.45,1.0,206
2026-08-24,52,41963,210108,TIERSHEET_40x48,206.45,5.0,1032
2026-08-24,52,41963,210108,TOPFRAME_WOOD_40x48,206.45,1.0,206
2026-08-25,52,41963,210108,PALLET_WOOD_40x48,206.45,1.0,206
2026-08-25,52,41963,210108,TIERSHEET_40x48,206.45,5.0,1032
2026-08-25,52,41963,210108,TOPFRAME_WOOD_40x48,206.45,1.0,206
2026-08-26,52,41963,210108,PALLET_WOOD_40x48,206.45,1.0,206
2026-08-26,52,41963,210108,TIERSHEET_40x48,206.45,5.0,1032
2026-08-26,52,41963,210108,TOPFRAME_WOOD_40x48,206.45,1.0,206
2026-08-27,52,41963,210108,PALLET_WOOD_40x48,206.45,1.0,206
2026-08-27,52,41963,210108,TIERSHEET_40x48,206.45,5.0,1032
2026-08-27,52,41963,210108,TOPFRAME_WOOD_40x48,206.45,1.0,206
2026-08-28,52,41963,210108,PALLET_WOOD_40x48,206.45,1.0,206
2026-08-28,52,41963,210108,TIERSHEET_40x48,206.45,5.0,1032
2026-08-28,52,41963,210108,TOPFRAME_WOOD_40x48,206.45,1.0,206
2026-08-29,52,41963,210108,PALLET_WOOD_40x48,206.45,1.0,206
2026-08-29,52,41963,210108,TIERSHEET_40x48,206.45,5.0,1032
2026-08-29,52,41963,210108,TOPFRAME_WOOD_40x48,206.45,1.0,206
2026-08-30,52,41963,210108,PALLET_WOOD_40x48,206.45,1.0,206
2026-08-30,52,41963,210108,TIERSHEET_40x48,206.45,5.0,1032
2026-08-30,52,41963,210108,TOPFRAME_WOOD_40x48,206.45,1.0,206
2026-08-31,52,41963,210108,PALLET_WOOD_40x48,206.45,1.0,206
2026-08-31,52,41963,210108,TIERSHEET_40x48,206.45,5.0,1032
2026-08-31,52,41963,210108,TOPFRAME_WOOD_40x48,206.45,1.0,206
2026-09-01,52,41963,210108,PALLET_WOOD_40x48,206.45,1.0,206
2026-09-01,52,41963,210108,TIERSHEET_40x48,206.45,5.0,1032
2026-09-01,52,41963,210108,TOPFRAME_WOOD_40x48,206.45,1.0,206
2026-09-02,52,41963,210108,PALLET_WOOD_40x48,206.45,1.0,206
2026-09-02,52,41963,210108,TIERSHEET_40x48,206.45,5.0,1032
2026-09-02,52,41963,210108,TOPFRAME_WOOD_40x48,206.45,1.0,206
2026-09-03,52,43084,210116,PALLET_WOOD_40x48,70.26,1.0,70
2026-09-03,52,43084,210116,TIERSHEET_40x48,70.26,8.0,562
2026-09-03,52,43084,210116,TOPFRAME_WOOD_40x48,70.26,1.0,70
2026-09-03,52,43084,210116,HOOD_PLASTIC_40x48,70.26,1.0,70
2026-09-04,52,43084,210116,PALLET_WOOD_40x48,70.26,1.0,70
2026-09-04,52,43084,210116,TIERSHEET_40x48,70.26,8.0,562
2026-09-04,52,43084,210116,TOPFRAME_WOOD_40x48,70.26,1.0,70
2026-09-04,52,43084,210116,HOOD_PLASTIC_40x48,70.26,1.0,70
2026-09-05,52,43084,210116,PALLET_WOOD_40x48,70.26,1.0,70
2026-09-05,52,43084,210116,TIERSHEET_40x48,70.26,8.0,562
2026-09-05,52,43084,210116,TOPFRAME_WOOD_40x48,70.26,1.0,70
2026-09-05,52,43084,210116,HOOD_PLASTIC_40x48,70.26,1.0,70
2026-09-06,52,43084,210116,PALLET_WOOD_40x48,70.26,1.0,70
2026-09-06,52,43084,210116,TIERSHEET_40x48,70.26,8.0,562
2026-09-06,52,43084,210116,TOPFRAME_WOOD_40x48,70.26,1.0,70
2026-09-06,52,43084,210116,HOOD_PLASTIC_40x48,70.26,1.0,70
2026-09-07,52,43084,210116,PALLET_WOOD_40x48,70.26,1.0,70
2026-09-07,52,43084,210116,TIERSHEET_40x48,70.26,8.0,562
2026-09-07,52,43084,210116,TOPFRAME_WOOD_40x48,70.26,1.0,70
2026-09-07,52,43084,210116,HOOD_PLASTIC_40x48,70.26,1.0,70
2026-09-08,52,41584,210105,PALLET_WOOD_44x56,102.64,1.0,103
2026-09-08,52,41584,210105,TIERSHEET_44x56,102.64,7.0,718
2026-09-08,52,41584,210105,TOPFRAME_WOOD_44x56,102.64,1.0,103
2026-09-09,52,41584,210105,PALLET_WOOD_44x56,102.64,1.0,103
2026-09-09,52,41584,210105,TIERSHEET_44x56,102.64,7.0,718
2026-09-09,52,41584,210105,TOPFRAME_WOOD_44x56,102.64,1.0,103
2026-09-10,52,41584,210105,PALLET_WOOD_44x56,102.64,1.0,103
2026-09-10,52,41584,210105,TIERSHEET_44x56,102.64,7.0,718
2026-09-10,52,41584,210105,TOPFRAME_WOOD_44x56,102.64,1.0,103
2026-09-11,52,41584,210105,PALLET_WOOD_44x56,102.64,1.0,103
2026-09-11,52,41584,210105,TIERSHEET_44x56,102.64,7.0,718
2026-09-11,52,41584,210105,TOPFRAME_WOOD_44x56,102.64,1.0,103
2026-09-12,52,41584,210105,PALLET_WOOD_44x56,102.64,1.0,103
2026-09-12,52,41584,210105,TIERSHEET_44x56,102.64,7.0,718
2026-09-12,52,41584,210105,TOPFRAME_WOOD_44x56,102.64,1.0,103
2026-09-13,52,41584,210105,PALLET_WOOD_44x56,102.64,1.0,103
2026-09-13,52,41584,210105,TIERSHEET_44x56,102.64,7.0,718
2026-09-13,52,41584,210105,TOPFRAME_WOOD_44x56,102.64,1.0,103
2026-09-14,52,41584,210105,PALLET_WOOD_44x56,102.64,1.0,103
2026-09-14,52,41584,210105,TIERSHEET_44x56,102.64,7.0,718
2026-09-14,52,41584,210105,TOPFRAME_WOOD_44x56,102.64,1.0,103
2026-09-15,52,42949,210115,PALLET_WOOD_44x56,99.36,1.0,99
2026-09-15,52,42949,210115,TIERSHEET_44x56,99.36,8.0,795
2026-09-15,52,42949,210115,TOPFRAME_WOOD_44x56,99.36,1.0,99
2026-09-15,52,42949,210115,HOOD_PLASTIC_44x56,99.36,1.0,99
2026-09-16,52,42949,210115,PALLET_WOOD_44x56,99.36,1.0,99
2026-09-16,52,42949,210115,TIERSHEET_44x56,99.36,8.0,795
2026-09-16,52,42949,210115,TOPFRAME_WOOD_44x56,99.36,1.0,99
2026-09-16,52,42949,210115,HOOD_PLASTIC_44x56,99.36,1.0,99
2026-09-17,52,42949,210115,PALLET_WOOD_44x56,99.36,1.0,99
2026-09-17,52,42949,210115,TIERSHEET_44x56,99.36,8.0,795
2026-09-17,52,42949,210115,TOPFRAME_WOOD_44x56,99.36,1.0,99
2026-09-17,52,42949,210115,HOOD_PLASTIC_44x56,99.36,1.0,99
2026-09-18,52,42949,210115,PALLET_WOOD_44x56,99.36,1.0,99
2026-09-18,52,42949,210115,TIERSHEET_44x56,99.36,8.0,795
2026-09-18,52,42949,210115,TOPFRAME_WOOD_44x56,99.36,1.0,99
2026-09-18,52,42949,210115,HOOD_PLASTIC_44x56,99.36,1.0,99
2026-09-19,52,42949,210115,PALLET_WOOD_44x56,99.36,1.0,99
2026-09-19,52,42949,210115,TIERSHEET_44x56,99.36,8.0,795
2026-09-19,52,42949,210115,TOPFRAME_WOOD_44x56,99.36,1.0,99
2026-09-19,52,42949,210115,HOOD_PLASTIC_44x56,99.36,1.0,99
2026-09-20,52,42949,210115,PALLET_WOOD_44x56,99.36,1.0,99
2026-09-20,52,42949,210115,TIERSHEET_44x56,99.36,8.0,795
2026-09-20,52,42949,210115,TOPFRAME_WOOD_44x56,99.36,1.0,99
2026-09-20,52,42949,210115,HOOD_PLASTIC_44x56,99.36,1.0,99
2026-09-21,52,42949,210115,PALLET_WOOD_44x56,99.36,1.0,99
2026-09-21,52,42949,210115,TIERSHEET_44x56,99.36,8.0,795
2026-09-21,52,42949,210115,TOPFRAME_WOOD_44x56,99.36,1.0,99
2026-09-21,52,42949,210115,HOOD_PLASTIC_44x56,99.36,1.0,99
2026-09-22,52,42949,210115,PALLET_WOOD_44x56,99.36,1.0,99
2026-09-22,52,42949,210115,TIERSHEET_44x56,99.36,8.0,795
2026-09-22,52,42949,210115,TOPFRAME_WOOD_44x56,99.36,1.0,99
2026-09-22,52,42949,210115,HOOD_PLASTIC_44x56,99.36,1.0,99
2026-09-23,52,42949,210115,PALLET_WOOD_44x56,99.36,1.0,99
2026-09-23,52,42949,210115,TIERSHEET_44x56,99.36,8.0,795
2026-09-23,52,42949,210115,TOPFRAME_WOOD_44x56,99.36,1.0,99
2026-09-23,52,42949,210115,HOOD_PLASTIC_44x56,99.36,1.0,99
2026-09-24,52,42949,210115,PALLET_WOOD_44x56,99.36,1.0,99
2026-09-24,52,42949,210115,TIERSHEET_44x56,99.36,8.0,795
2026-09-24,52,42949,210115,TOPFRAME_WOOD_44x56,99.36,1.0,99
2026-09-24,52,42949,210115,HOOD_PLASTIC_44x56,99.36,1.0,99
2026-09-25,52,42949,210115,PALLET_WOOD_44x56,99.36,1.0,99
2026-09-25,52,42949,210115,TIERSHEET_44x56,99.36,8.0,795
2026-09-25,52,42949,210115,TOPFRAME_WOOD_44x56,99.36,1.0,99
2026-09-25,52,42949,210115,HOOD_PLASTIC_44x56,99.36,1.0,99
2026-09-26,52,42646,210113,PALLET_WOOD_44x56,296.95,1.0,297
2026-09-26,52,42646,210113,TIERSHEET_44x56,296.95,7.0,2079
2026-09-26,52,42646,210113,TOPFRAME_WOOD_44x56,296.95,1.0,297
2026-09-27,52,42646,210113,PALLET_WOOD_44x56,296.95,1.0,297
2026-09-27,52,42646,210113,TIERSHEET_44x56,296.95,7.0,2079
2026-09-27,52,42646,210113,TOPFRAME_WOOD_44x56,296.95,1.0,297
2026-09-28,52,42646,210113,PALLET_WOOD_44x56,296.95,1.0,297
2026-09-28,52,42646,210113,TIERSHEET_44x56,296.95,7.0,2079
2026-09-28,52,42646,210113,TOPFRAME_WOOD_44x56,296.95,1.0,297
2026-09-29,52,42646,210113,PALLET_WOOD_44x56,296.95,1.0,297
2026-09-29,52,42646,210113,TIERSHEET_44x56,296.95,7.0,2079
2026-09-29,52,42646,210113,TOPFRAME_WOOD_44x56,296.95,1.0,297
2026-09-30,52,42646,210113,PALLET_WOOD_44x56,296.95,1.0,297
2026-09-30,52,42646,210113,TIERSHEET_44x56,296.95,7.0,2079
2026-09-30,52,42646,210113,TOPFRAME_WOOD_44x56,296.95,1.0,297
2026-10-01,52,42646,210113,PALLET_WOOD_44x56,296.95,1.0,297
2026-10-01,52,42646,210113,TIERSHEET_44x56,296.95,7.0,2079
2026-10-01,52,42646,210113,TOPFRAME_WOOD_44x56,296.95,1.0,297
2026-10-02,52,42646,210113,PALLET_WOOD_44x56,296.95,1.0,297
2026-10-02,52,42646,210113,TIERSHEET_44x56,296.95,7.0,2079
2026-10-02,52,42646,210113,TOPFRAME_WOOD_44x56,296.95,1.0,297
2026-10-03,52,42646,210113,PALLET_WOOD_44x56,296.95,1.0,297
2026-10-03,52,42646,210113,TIERSHEET_44x56,296.95,7.0,2079
2026-10-03,52,42646,210113,TOPFRAME_WOOD_44x56,296.95,1.0,297
2026-10-04,52,42646,210113,PALLET_WOOD_44x56,296.95,1.0,297
2026-10-04,52,42646,210113,TIERSHEET_44x56,296.95,7.0,2079
2026-10-04,52,42646,210113,TOPFRAME_WOOD_44x56,296.95,1.0,297
2026-10-05,52,42646,210113,PALLET_WOOD_44x56,296.95,1.0,297
2026-10-05,52,42646,210113,TIERSHEET_44x56,296.95,7.0,2079
2026-10-05,52,42646,210113,TOPFRAME_WOOD_44x56,296.95,1.0,297
2026-10-06,52,42646,210113,PALLET_WOOD_44x56,296.95,1.0,297
2026-10-06,52,42646,210113,TIERSHEET_44x56,296.95,7.0,2079
2026-10-06,52,42646,210113,TOPFRAME_WOOD_44x56,296.95,1.0,297
2026-10-07,52,42646,210113,PALLET_WOOD_44x56,296.95,1.0,297
2026-10-07,52,42646,210113,TIERSHEET_44x56,296.95,7.0,2079
2026-10-07,52,42646,210113,TOPFRAME_WOOD_44x56,296.95,1.0,297
2026-10-08,52,42646,210113,PALLET_WOOD_44x56,296.95,1.0,297
2026-10-08,52,42646,210113,TIERSHEET_44x56,296.95,7.0,2079
2026-10-08,52,42646,210113,TOPFRAME_WOOD_44x56,296.95,1.0,297
2026-10-09,52,42646,210113,PALLET_WOOD_44x56,296.95,1.0,297
2026-10-09,52,42646,210113,TIERSHEET_44x56,296.95,7.0,2079
2026-10-09,52,42646,210113,TOPFRAME_WOOD_44x56,296.95,1.0,297
2026-10-10,52,42796,160208,PALLET_WOOD_40x48,317.33,1.0,317
2026-10-10,52,42796,160208,TIERSHEET_40x48,317.33,3.0,952
2026-10-11,52,42796,160208,PALLET_WOOD_40x48,317.33,1.0,317
2026-10-11,52,42796,160208,TIERSHEET_40x48,317.33,3.0,952
2026-10-12,52,42796,160208,PALLET_WOOD_40x48,317.33,1.0,317
2026-10-12,52,42796,160208,TIERSHEET_40x48,317.33,3.0,952
2026-10-13,52,42796,160208,PALLET_WOOD_40x48,317.33,1.0,317
2026-10-13,52,42796,160208,TIERSHEET_40x48,317.33,3.0,952
2026-10-14,52,42796,160208,PALLET_WOOD_40x48,317.33,1.0,317
2026-10-14,52,42796,160208,TIERSHEET_40x48,317.33,3.0,952
2026-10-15,52,42796,160208,PALLET_WOOD_40x48,317.33,1.0,317
2026-10-15,52,42796,160208,TIERSHEET_40x48,317.33,3.0,952
2026-10-16,52,42796,160208,PALLET_WOOD_40x48,317.33,1.0,317
2026-10-16,52,42796,160208,TIERSHEET_40x48,317.33,3.0,952
2026-10-17,52,42796,160208,PALLET_WOOD_40x48,317.33,1.0,317
2026-10-17,52,42796,160208,TIERSHEET_40x48,317.33,3.0,952
2026-10-18,52,42796,160208,PALLET_WOOD_40x48,317.33,1.0,317
2026-10-18,52,42796,160208,TIERSHEET_40x48,317.33,3.0,952
2026-10-19,52,42097,210109,PALLET_WOOD_44x56,274.24,1.0,274
2026-10-19,52,42097,210109,TIERSHEET_44x56,274.24,5.0,1371
2026-10-19,52,42097,210109,TOPFRAME_WOOD_44x56,274.24,1.0,274
2026-10-19,52,42097,210109,HOOD_PLASTIC_44x56,274.24,1.0,274
2026-10-20,52,42097,210109,PALLET_WOOD_44x56,274.24,1.0,274
2026-10-20,52,42097,210109,TIERSHEET_44x56,274.24,5.0,1371
2026-10-20,52,42097,210109,TOPFRAME_WOOD_44x56,274.24,1.0,274
2026-10-20,52,42097,210109,HOOD_PLASTIC_44x56,274.24,1.0,274
2026-10-21,52,42097,210109,PALLET_WOOD_44x56,274.24,1.0,274
2026-10-21,52,42097,210109,TIERSHEET_44x56,274.24,5.0,1371
2026-10-21,52,42097,210109,TOPFRAME_WOOD_44x56,274.24,1.0,274
2026-10-21,52,42097,210109,HOOD_PLASTIC_44x56,274.24,1.0,274
2026-10-22,52,42097,210109,PALLET_WOOD_44x56,274.24,1.0,274
2026-10-22,52,42097,210109,TIERSHEET_44x56,274.24,5.0,1371
2026-10-22,52,42097,210109,TOPFRAME_WOOD_44x56,274.24,1.0,274
2026-10-22,52,42097,210109,HOOD_PLASTIC_44x56,274.24,1.0,274
2026-10-23,52,42097,210109,PALLET_WOOD_44x56,274.24,1.0,274
2026-10-23,52,42097,210109,TIERSHEET_44x56,274.24,5.0,1371
2026-10-23,52,42097,210109,TOPFRAME_WOOD_44x56,274.24,1.0,274
2026-10-23,52,42097,210109,HOOD_PLASTIC_44x56,274.24,1.0,274
2026-10-24,52,42097,210109,PALLET_WOOD_44x56,274.24,1.0,274
2026-10-24,52,42097,210109,TIERSHEET_44x56,274.24,5.0,1371
2026-10-24,52,42097,210109,TOPFRAME_WOOD_44x56,274.24,1.0,274
2026-10-24,52,42097,210109,HOOD_PLASTIC_44x56,274.24,1.0,274
2026-10-25,52,42097,210109,PALLET_WOOD_44x56,274.24,1.0,274
2026-10-25,52,42097,210109,TIERSHEET_44x56,274.24,5.0,1371
2026-10-25,52,42097,210109,TOPFRAME_WOOD_44x56,274.24,1.0,274
2026-10-25,52,42097,210109,HOOD_PLASTIC_44x56,274.24,1.0,274
2026-10-26,52,42097,210109,PALLET_WOOD_44x56,274.24,1.0,274
2026-10-26,52,42097,210109,TIERSHEET_44x56,274.24,5.0,1371
2026-10-26,52,42097,210109,TOPFRAME_WOOD_44x56,274.24,1.0,274
2026-10-26,52,42097,210109,HOOD_PLASTIC_44x56,274.24,1.0,274
2026-10-27,52,42097,210109,PALLET_WOOD_44x56,274.24,1.0,274
2026-10-27,52,42097,210109,TIERSHEET_44x56,274.24,5.0,1371
2026-10-27,52,42097,210109,TOPFRAME_WOOD_44x56,274.24,1.0,274
2026-10-27,52,42097,210109,HOOD_PLASTIC_44x56,274.24,1.0,274
2026-10-28,52,42097,210109,PALLET_WOOD_44x56,274.24,1.0,274
2026-10-28,52,42097,210109,TIERSHEET_44x56,274.24,5.0,1371
2026-10-28,52,42097,210109,TOPFRAME_WOOD_44x56,274.24,1.0,274
2026-10-28,52,42097,210109,HOOD_PLASTIC_44x56,274.24,1.0,274
2026-10-29,52,42097,210109,PALLET_WOOD_44x56,274.24,1.0,274
2026-10-29,52,42097,210109,TIERSHEET_44x56,274.24,5.0,1371
2026-10-29,52,42097,210109,TOPFRAME_WOOD_44x56,274.24,1.0,274
2026-10-29,52,42097,210109,HOOD_PLASTIC_44x56,274.24,1.0,274
2026-10-30,52,42097,210109,PALLET_WOOD_44x56,274.24,1.0,274
2026-10-30,52,42097,210109,TIERSHEET_44x56,274.24,5.0,1371
2026-10-30,52,42097,210109,TOPFRAME_WOOD_44x56,274.24,1.0,274
2026-10-30,52,42097,210109,HOOD_PLASTIC_44x56,274.24,1.0,274
2026-10-31,52,42097,210109,PALLET_WOOD_44x56,274.24,1.0,274
2026-10-31,52,42097,210109,TIERSHEET_44x56,274.24,5.0,1371
2026-10-31,52,42097,210109,TOPFRAME_WOOD_44x56,274.24,1.0,274
2026-10-31,52,42097,210109,HOOD_PLASTIC_44x56,274.24,1.0,274
2026-11-01,52,41010,160201,PALLET_WOOD_44x56,207.83,1.0,208
2026-11-01,52,41010,160201,TIERSHEET_44x56,207.83,5.0,1039
2026-11-02,52,41010,160201,PALLET_WOOD_44x56,207.83,1.0,208
2026-11-02,52,41010,160201,TIERSHEET_44x56,207.83,5.0,1039
2026-11-03,52,41010,160201,PALLET_WOOD_44x56,207.83,1.0,208
2026-11-03,52,41010,160201,TIERSHEET_44x56,207.83,5.0,1039
2026-11-04,52,41010,160201,PALLET_WOOD_44x56,207.83,1.0,208
2026-11-04,52,41010,160201,TIERSHEET_44x56,207.83,5.0,1039
2026-11-05,52,41010,160201,PALLET_WOOD_44x56,207.83,1.0,208
2026-11-05,52,41010,160201,TIERSHEET_44x56,207.83,5.0,1039
2026-11-06,52,41010,160201,PALLET_WOOD_44x56,207.83,1.0,208
2026-11-06,52,41010,160201,TIERSHEET_44x56,207.83,5.0,1039
2026-11-07,52,41010,160201,PALLET_WOOD_44x56,207.83,1.0,208
2026-11-07,52,41010,160201,TIERSHEET_44x56,207.83,5.0,1039
2026-11-08,52,41010,160201,PALLET_WOOD_44x56,207.83,1.0,208
2026-11-08,52,41010,160201,TIERSHEET_44x56,207.83,5.0,1039
2026-11-09,52,41010,160201,PALLET_WOOD_44x56,207.83,1.0,208
2026-11-09,52,41010,160201,TIERSHEET_44x56,207.83,5.0,1039
2026-11-10,52,41010,160201,PALLET_WOOD_44x56,207.83,1.0,208
2026-11-10,52,41010,160201,TIERSHEET_44x56,207.83,5.0,1039
2026-11-11,52,41010,160201,PALLET_WOOD_44x56,207.83,1.0,208
2026-11-11,52,41010,160201,TIERSHEET_44x56,207.83,5.0,1039
2026-11-12,52,42949,210115,PALLET_WOOD_44x56,137.31,1.0,137
2026-11-12,52,42949,210115,TIERSHEET_44x56,137.31,8.0,1098
2026-11-12,52,42949,210115,TOPFRAME_WOOD_44x56,137.31,1.0,137
2026-11-12,52,42949,210115,HOOD_PLASTIC_44x56,137.31,1.0,137
2026-11-13,52,42949,210115,PALLET_WOOD_44x56,137.31,1.0,137
2026-11-13,52,42949,210115,TIERSHEET_44x56,137.31,8.0,1098
2026-11-13,52,42949,210115,TOPFRAME_WOOD_44x56,137.31,1.0,137
2026-11-13,52,42949,210115,HOOD_PLASTIC_44x56,137.31,1.0,137
2026-11-14,52,42949,210115,PALLET_WOOD_44x56,137.31,1.0,137
2026-11-14,52,42949,210115,TIERSHEET_44x56,137.31,8.0,1098
2026-11-14,52,42949,210115,TOPFRAME_WOOD_44x56,137.31,1.0,137
2026-11-14,52,42949,210115,HOOD_PLASTIC_44x56,137.31,1.0,137
2026-11-15,52,42949,210115,PALLET_WOOD_44x56,137.31,1.0,137
2026-11-15,52,42949,210115,TIERSHEET_44x56,137.31,8.0,1098
2026-11-15,52,42949,210115,TOPFRAME_WOOD_44x56,137.31,1.0,137
2026-11-15,52,42949,210115,HOOD_PLASTIC_44x56,137.31,1.0,137
2026-11-16,52,42949,210115,PALLET_WOOD_44x56,137.31,1.0,137
2026-11-16,52,42949,210115,TIERSHEET_44x56,137.31,8.0,1098
2026-11-16,52,42949,210115,TOPFRAME_WOOD_44x56,137.31,1.0,137
2026-11-16,52,42949,210115,HOOD_PLASTIC_44x56,137.31,1.0,137
2026-11-17,52,42949,210115,PALLET_WOOD_44x56,137.31,1.0,137
2026-11-17,52,42949,210115,TIERSHEET_44x56,137.31,8.0,1098
2026-11-17,52,42949,210115,TOPFRAME_WOOD_44x56,137.31,1.0,137
2026-11-17,52,42949,210115,HOOD_PLASTIC_44x56,137.31,1.0,137
2026-11-18,52,42949,210115,PALLET_WOOD_44x56,137.31,1.0,137
2026-11-18,52,42949,210115,TIERSHEET_44x56,137.31,8.0,1098
2026-11-18,52,42949,210115,TOPFRAME_WOOD_44x56,137.31,1.0,137
2026-11-18,52,42949,210115,HOOD_PLASTIC_44x56,137.31,1.0,137
2026-11-19,52,42949,210115,PALLET_WOOD_44x56,137.31,1.0,137
2026-11-19,52,42949,210115,TIERSHEET_44x56,137.31,8.0,1098
2026-11-19,52,42949,210115,TOPFRAME_WOOD_44x56,137.31,1.0,137
2026-11-19,52,42949,210115,HOOD_PLASTIC_44x56,137.31,1.0,137
2026-11-20,52,42949,210115,PALLET_WOOD_44x56,137.31,1.0,137
2026-11-20,52,42949,210115,TIERSHEET_44x56,137.31,8.0,1098
2026-11-20,52,42949,210115,TOPFRAME_WOOD_44x56,137.31,1.0,137
2026-11-20,52,42949,210115,HOOD_PLASTIC_44x56,137.31,1.0,137
2026-11-21,52,42949,210115,PALLET_WOOD_44x56,137.31,1.0,137
2026-11-21,52,42949,210115,TIERSHEET_44x56,137.31,8.0,1098
2026-11-21,52,42949,210115,TOPFRAME_WOOD_44x56,137.31,1.0,137
2026-11-21,52,42949,210115,HOOD_PLASTIC_44x56,137.31,1.0,137
2026-11-22,52,42949,210115,PALLET_WOOD_44x56,137.31,1.0,137
2026-11-22,52,42949,210115,TIERSHEET_44x56,137.31,8.0,1098
2026-11-22,52,42949,210115,TOPFRAME_WOOD_44x56,137.31,1.0,137
2026-11-22,52,42949,210115,HOOD_PLASTIC_44x56,137.31,1.0,137
2026-11-23,52,42949,210115,PALLET_WOOD_44x56,137.31,1.0,137
2026-11-23,52,42949,210115,TIERSHEET_44x56,137.31,8.0,1098
2026-11-23,52,42949,210115,TOPFRAME_WOOD_44x56,137.31,1.0,137
2026-11-23,52,42949,210115,HOOD_PLASTIC_44x56,137.31,1.0,137
2026-11-24,52,42949,210115,PALLET_WOOD_44x56,137.31,1.0,137
2026-11-24,52,42949,210115,TIERSHEET_44x56,137.31,8.0,1098
2026-11-24,52,42949,210115,TOPFRAME_WOOD_44x56,137.31,1.0,137
2026-11-24,52,42949,210115,HOOD_PLASTIC_44x56,137.31,1.0,137
2026-11-25,52,42949,210115,PALLET_WOOD_44x56,137.31,1.0,137
2026-11-25,52,42949,210115,TIERSHEET_44x56,137.31,8.0,1098
2026-11-25,52,42949,210115,TOPFRAME_WOOD_44x56,137.31,1.0,137
2026-11-25,52,42949,210115,HOOD_PLASTIC_44x56,137.31,1.0,137
2026-11-26,52,42949,210115,PALLET_WOOD_44x56,137.31,1.0,137
2026-11-26,52,42949,210115,TIERSHEET_44x56,137.31,8.0,1098
2026-11-26,52,42949,210115,TOPFRAME_WOOD_44x56,137.31,1.0,137
2026-11-26,52,42949,210115,HOOD_PLASTIC_44x56,137.31,1.0,137
2026-11-27,52,42949,210115,PALLET_WOOD_44x56,137.31,1.0,137
2026-11-27,52,42949,210115,TIERSHEET_44x56,137.31,8.0,1098
2026-11-27,52,42949,210115,TOPFRAME_WOOD_44x56,137.31,1.0,137
2026-11-27,52,42949,210115,HOOD_PLASTIC_44x56,137.31,1.0,137
2026-11-28,52,42949,210115,PALLET_WOOD_44x56,137.31,1.0,137
2026-11-28,52,42949,210115,TIERSHEET_44x56,137.31,8.0,1098
2026-11-28,52,42949,210115,TOPFRAME_WOOD_44x56,137.31,1.0,137
2026-11-28,52,42949,210115,HOOD_PLASTIC_44x56,137.31,1.0,137
2026-11-29,52,41584,210105,PALLET_WOOD_44x56,83.08,1.0,83
2026-11-29,52,41584,210105,TIERSHEET_44x56,83.08,7.0,582
2026-11-29,52,41584,210105,TOPFRAME_WOOD_44x56,83.08,1.0,83
2026-11-30,52,41584,210105,PALLET_WOOD_44x56,83.08,1.0,83
2026-11-30,52,41584,210105,TIERSHEET_44x56,83.08,7.0,582
2026-11-30,52,41584,210105,TOPFRAME_WOOD_44x56,83.08,1.0,83
2026-12-01,52,41584,210105,PALLET_WOOD_44x56,83.08,1.0,83
2026-12-01,52,41584,210105,TIERSHEET_44x56,83.08,7.0,582
2026-12-01,52,41584,210105,TOPFRAME_WOOD_44x56,83.08,1.0,83
2026-12-02,52,41584,210105,PALLET_WOOD_44x56,83.08,1.0,83
2026-12-02,52,41584,210105,TIERSHEET_44x56,83.08,7.0,582
2026-12-02,52,41584,210105,TOPFRAME_WOOD_44x56,83.08,1.0,83
2026-12-03,52,41584,210105,PALLET_WOOD_44x56,83.08,1.0,83
2026-12-03,52,41584,210105,TIERSHEET_44x56,83.08,7.0,582
2026-12-03,52,41584,210105,TOPFRAME_WOOD_44x56,83.08,1.0,83
2026-12-04,52,41584,210105,PALLET_WOOD_44x56,83.08,1.0,83
2026-12-04,52,41584,210105,TIERSHEET_44x56,83.08,7.0,582
2026-12-04,52,41584,210105,TOPFRAME_WOOD_44x56,83.08,1.0,83
2026-08-06,53,41584,210105,PALLET_WOOD_44x56,142.71,1.0,143
2026-08-06,53,41584,210105,TIERSHEET_44x56,142.71,7.0,999
2026-08-06,53,41584,210105,TOPFRAME_WOOD_44x56,142.71,1.0,143
2026-08-07,53,41584,210105,PALLET_WOOD_44x56,142.71,1.0,143
2026-08-07,53,41584,210105,TIERSHEET_44x56,142.71,7.0,999
2026-08-07,53,41584,210105,TOPFRAME_WOOD_44x56,142.71,1.0,143
2026-08-08,53,41584,210105,PALLET_WOOD_44x56,142.71,1.0,143
2026-08-08,53,41584,210105,TIERSHEET_44x56,142.71,7.0,999
2026-08-08,53,41584,210105,TOPFRAME_WOOD_44x56,142.71,1.0,143
2026-08-09,53,41584,210105,PALLET_WOOD_44x56,142.71,1.0,143
2026-08-09,53,41584,210105,TIERSHEET_44x56,142.71,7.0,999
2026-08-09,53,41584,210105,TOPFRAME_WOOD_44x56,142.71,1.0,143
2026-08-10,53,41584,210105,PALLET_WOOD_44x56,142.71,1.0,143
2026-08-10,53,41584,210105,TIERSHEET_44x56,142.71,7.0,999
2026-08-10,53,41584,210105,TOPFRAME_WOOD_44x56,142.71,1.0,143
2026-08-11,53,41584,210105,PALLET_WOOD_44x56,142.71,1.0,143
2026-08-11,53,41584,210105,TIERSHEET_44x56,142.71,7.0,999
2026-08-11,53,41584,210105,TOPFRAME_WOOD_44x56,142.71,1.0,143
2026-08-12,53,41584,210105,PALLET_WOOD_44x56,142.71,1.0,143
2026-08-12,53,41584,210105,TIERSHEET_44x56,142.71,7.0,999
2026-08-12,53,41584,210105,TOPFRAME_WOOD_44x56,142.71,1.0,143
2026-08-13,53,41584,210105,PALLET_WOOD_44x56,142.71,1.0,143
2026-08-13,53,41584,210105,TIERSHEET_44x56,142.71,7.0,999
2026-08-13,53,41584,210105,TOPFRAME_WOOD_44x56,142.71,1.0,143
2026-08-14,53,41584,210105,PALLET_WOOD_44x56,142.71,1.0,143
2026-08-14,53,41584,210105,TIERSHEET_44x56,142.71,7.0,999
2026-08-14,53,41584,210105,TOPFRAME_WOOD_44x56,142.71,1.0,143
2026-08-15,53,41584,210105,PALLET_WOOD_44x56,142.71,1.0,143
2026-08-15,53,41584,210105,TIERSHEET_44x56,142.71,7.0,999
2026-08-15,53,41584,210105,TOPFRAME_WOOD_44x56,142.71,1.0,143
2026-08-16,53,41584,210105,PALLET_WOOD_44x56,142.71,1.0,143
2026-08-16,53,41584,210105,TIERSHEET_44x56,142.71,7.0,999
2026-08-16,53,41584,210105,TOPFRAME_WOOD_44x56,142.71,1.0,143
2026-08-17,53,41584,210105,PALLET_WOOD_44x56,142.71,1.0,143
2026-08-17,53,41584,210105,TIERSHEET_44x56,142.71,7.0,999
2026-08-17,53,41584,210105,TOPFRAME_WOOD_44x56,142.71,1.0,143
2026-08-18,53,41584,210105,PALLET_WOOD_44x56,142.71,1.0,143
2026-08-18,53,41584,210105,TIERSHEET_44x56,142.71,7.0,999
2026-08-18,53,41584,210105,TOPFRAME_WOOD_44x56,142.71,1.0,143
2026-08-19,53,41584,210105,PALLET_WOOD_44x56,142.71,1.0,143
2026-08-19,53,41584,210105,TIERSHEET_44x56,142.71,7.0,999
2026-08-19,53,41584,210105,TOPFRAME_WOOD_44x56,142.71,1.0,143
2026-08-20,53,41584,210105,PALLET_WOOD_44x56,142.71,1.0,143
2026-08-20,53,41584,210105,TIERSHEET_44x56,142.71,7.0,999
2026-08-20,53,41584,210105,TOPFRAME_WOOD_44x56,142.71,1.0,143
2026-08-21,53,41584,210105,PALLET_WOOD_44x56,142.71,1.0,143
2026-08-21,53,41584,210105,TIERSHEET_44x56,142.71,7.0,999
2026-08-21,53,41584,210105,TOPFRAME_WOOD_44x56,142.71,1.0,143
2026-08-22,53,41584,210105,PALLET_WOOD_44x56,142.71,1.0,143
2026-08-22,53,41584,210105,TIERSHEET_44x56,142.71,7.0,999
2026-08-22,53,41584,210105,TOPFRAME_WOOD_44x56,142.71,1.0,143
2026-08-23,53,41584,210105,PALLET_WOOD_44x56,142.71,1.0,143
2026-08-23,53,41584,210105,TIERSHEET_44x56,142.71,7.0,999
2026-08-23,53,41584,210105,TOPFRAME_WOOD_44x56,142.71,1.0,143
2026-08-24,53,41584,160204,PALLET_WOOD_44x56,121.24,1.0,121
2026-08-24,53,41584,160204,TIERSHEET_44x56,121.24,4.0,485
2026-08-25,53,41584,160204,PALLET_WOOD_44x56,121.24,1.0,121
2026-08-25,53,41584,160204,TIERSHEET_44x56,121.24,4.0,485
2026-08-26,53,41584,160204,PALLET_WOOD_44x56,121.24,1.0,121
2026-08-26,53,41584,160204,TIERSHEET_44x56,121.24,4.0,485
2026-08-27,53,41584,160204,PALLET_WOOD_44x56,121.24,1.0,121
2026-08-27,53,41584,160204,TIERSHEET_44x56,121.24,4.0,485
2026-08-28,53,41584,160204,PALLET_WOOD_44x56,121.24,1.0,121
2026-08-28,53,41584,160204,TIERSHEET_44x56,121.24,4.0,485
2026-08-29,53,41584,160204,PALLET_WOOD_44x56,121.24,1.0,121
2026-08-29,53,41584,160204,TIERSHEET_44x56,121.24,4.0,485
2026-08-30,53,41584,160204,PALLET_WOOD_44x56,121.24,1.0,121
2026-08-30,53,41584,160204,TIERSHEET_44x56,121.24,4.0,485
2026-08-31,53,41584,160204,PALLET_WOOD_44x56,121.24,1.0,121
2026-08-31,53,41584,160204,TIERSHEET_44x56,121.24,4.0,485
2026-09-01,53,41584,160204,PALLET_WOOD_44x56,121.24,1.0,121
2026-09-01,53,41584,160204,TIERSHEET_44x56,121.24,4.0,485
2026-09-02,53,41584,160204,PALLET_WOOD_44x56,121.24,1.0,121
2026-09-02,53,41584,160204,TIERSHEET_44x56,121.24,4.0,485
2026-09-03,53,41584,160204,PALLET_WOOD_44x56,121.24,1.0,121
2026-09-03,53,41584,160204,TIERSHEET_44x56,121.24,4.0,485
2026-09-04,53,41584,160204,PALLET_WOOD_44x56,121.24,1.0,121
2026-09-04,53,41584,160204,TIERSHEET_44x56,121.24,4.0,485
2026-09-05,53,41584,160204,PALLET_WOOD_44x56,121.24,1.0,121
2026-09-05,53,41584,160204,TIERSHEET_44x56,121.24,4.0,485
2026-09-06,53,41584,160204,PALLET_WOOD_44x56,121.24,1.0,121
2026-09-06,53,41584,160204,TIERSHEET_44x56,121.24,4.0,485
2026-09-07,53,41963,210108,PALLET_WOOD_40x48,171.63,1.0,172
2026-09-07,53,41963,210108,TIERSHEET_40x48,171.63,5.0,858
2026-09-07,53,41963,210108,TOPFRAME_WOOD_40x48,171.63,1.0,172
2026-09-08,53,41963,210108,PALLET_WOOD_40x48,171.63,1.0,172
2026-09-08,53,41963,210108,TIERSHEET_40x48,171.63,5.0,858
2026-09-08,53,41963,210108,TOPFRAME_WOOD_40x48,171.63,1.0,172
2026-09-09,53,41963,210108,PALLET_WOOD_40x48,171.63,1.0,172
2026-09-09,53,41963,210108,TIERSHEET_40x48,171.63,5.0,858
2026-09-09,53,41963,210108,TOPFRAME_WOOD_40x48,171.63,1.0,172
2026-09-10,53,41963,210108,PALLET_WOOD_40x48,171.63,1.0,172
2026-09-10,53,41963,210108,TIERSHEET_40x48,171.63,5.0,858
2026-09-10,53,41963,210108,TOPFRAME_WOOD_40x48,171.63,1.0,172
2026-09-11,53,41963,210108,PALLET_WOOD_40x48,171.63,1.0,172
2026-09-11,53,41963,210108,TIERSHEET_40x48,171.63,5.0,858
2026-09-11,53,41963,210108,TOPFRAME_WOOD_40x48,171.63,1.0,172
2026-09-12,53,41963,210108,PALLET_WOOD_40x48,171.63,1.0,172
2026-09-12,53,41963,210108,TIERSHEET_40x48,171.63,5.0,858
2026-09-12,53,41963,210108,TOPFRAME_WOOD_40x48,171.63,1.0,172
2026-09-13,53,41963,210108,PALLET_WOOD_40x48,171.63,1.0,172
2026-09-13,53,41963,210108,TIERSHEET_40x48,171.63,5.0,858
2026-09-13,53,41963,210108,TOPFRAME_WOOD_40x48,171.63,1.0,172
2026-09-14,53,41963,210108,PALLET_WOOD_40x48,171.63,1.0,172
2026-09-14,53,41963,210108,TIERSHEET_40x48,171.63,5.0,858
2026-09-14,53,41963,210108,TOPFRAME_WOOD_40x48,171.63,1.0,172
2026-09-15,53,41963,210108,PALLET_WOOD_40x48,171.63,1.0,172
2026-09-15,53,41963,210108,TIERSHEET_40x48,171.63,5.0,858
2026-09-15,53,41963,210108,TOPFRAME_WOOD_40x48,171.63,1.0,172
2026-09-16,53,41963,210108,PALLET_WOOD_40x48,171.63,1.0,172
2026-09-16,53,41963,210108,TIERSHEET_40x48,171.63,5.0,858
2026-09-16,53,41963,210108,TOPFRAME_WOOD_40x48,171.63,1.0,172
2026-09-17,53,42097,160207,PALLET_WOOD_44x56,490.63,1.0,491
2026-09-17,53,42097,160207,TIERSHEET_44x56,490.63,2.0,981
2026-09-18,53,42097,160207,PALLET_WOOD_44x56,490.63,1.0,491
2026-09-18,53,42097,160207,TIERSHEET_44x56,490.63,2.0,981
2026-09-19,53,42097,160207,PALLET_WOOD_44x56,490.63,1.0,491
2026-09-19,53,42097,160207,TIERSHEET_44x56,490.63,2.0,981
2026-09-20,53,42097,160207,PALLET_WOOD_44x56,490.63,1.0,491
2026-09-20,53,42097,160207,TIERSHEET_44x56,490.63,2.0,981
2026-09-21,53,42097,160207,PALLET_WOOD_44x56,490.63,1.0,491
2026-09-21,53,42097,160207,TIERSHEET_44x56,490.63,2.0,981
2026-09-22,53,42097,160207,PALLET_WOOD_44x56,490.63,1.0,491
2026-09-22,53,42097,160207,TIERSHEET_44x56,490.63,2.0,981
2026-09-23,53,42097,160207,PALLET_WOOD_44x56,490.63,1.0,491
2026-09-23,53,42097,160207,TIERSHEET_44x56,490.63,2.0,981
2026-09-24,53,42097,160207,PALLET_WOOD_44x56,490.63,1.0,491
2026-09-24,53,42097,160207,TIERSHEET_44x56,490.63,2.0,981
2026-09-25,53,42097,160207,PALLET_WOOD_44x56,490.63,1.0,491
2026-09-25,53,42097,160207,TIERSHEET_44x56,490.63,2.0,981
2026-09-26,53,42097,160207,PALLET_WOOD_44x56,490.63,1.0,491
2026-09-26,53,42097,160207,TIERSHEET_44x56,490.63,2.0,981
2026-09-27,53,42097,160207,PALLET_WOOD_44x56,490.63,1.0,491
2026-09-27,53,42097,160207,TIERSHEET_44x56,490.63,2.0,981
2026-09-28,53,42097,160207,PALLET_WOOD_44x56,490.63,1.0,491
2026-09-28,53,42097,160207,TIERSHEET_44x56,490.63,2.0,981
2026-09-29,53,42097,160207,PALLET_WOOD_44x56,490.63,1.0,491
2026-09-29,53,42097,160207,TIERSHEET_44x56,490.63,2.0,981
2026-09-30,53,42097,160207,PALLET_WOOD_44x56,490.63,1.0,491
2026-09-30,53,42097,160207,TIERSHEET_44x56,490.63,2.0,981
2026-10-01,53,42258,210110,PALLET_WOOD_40x48,96.85,1.0,97
2026-10-01,53,42258,210110,TIERSHEET_40x48,96.85,6.0,581
2026-10-01,53,42258,210110,TOPFRAME_WOOD_40x48,96.85,1.0,97
2026-10-02,53,42258,210110,PALLET_WOOD_40x48,96.85,1.0,97
2026-10-02,53,42258,210110,TIERSHEET_40x48,96.85,6.0,581
2026-10-02,53,42258,210110,TOPFRAME_WOOD_40x48,96.85,1.0,97
2026-10-03,53,42258,210110,PALLET_WOOD_40x48,96.85,1.0,97
2026-10-03,53,42258,210110,TIERSHEET_40x48,96.85,6.0,581
2026-10-03,53,42258,210110,TOPFRAME_WOOD_40x48,96.85,1.0,97
2026-10-04,53,42258,210110,PALLET_WOOD_40x48,96.85,1.0,97
2026-10-04,53,42258,210110,TIERSHEET_40x48,96.85,6.0,581
2026-10-04,53,42258,210110,TOPFRAME_WOOD_40x48,96.85,1.0,97
2026-10-05,53,42258,210110,PALLET_WOOD_40x48,96.85,1.0,97
2026-10-05,53,42258,210110,TIERSHEET_40x48,96.85,6.0,581
2026-10-05,53,42258,210110,TOPFRAME_WOOD_40x48,96.85,1.0,97
2026-10-06,53,42258,210110,PALLET_WOOD_40x48,96.85,1.0,97
2026-10-06,53,42258,210110,TIERSHEET_40x48,96.85,6.0,581
2026-10-06,53,42258,210110,TOPFRAME_WOOD_40x48,96.85,1.0,97
2026-10-07,53,41584,210105,PALLET_WOOD_44x56,104.63,1.0,105
2026-10-07,53,41584,210105,TIERSHEET_44x56,104.63,7.0,732
2026-10-07,53,41584,210105,TOPFRAME_WOOD_44x56,104.63,1.0,105
2026-10-08,53,41584,210105,PALLET_WOOD_44x56,104.63,1.0,105
2026-10-08,53,41584,210105,TIERSHEET_44x56,104.63,7.0,732
2026-10-08,53,41584,210105,TOPFRAME_WOOD_44x56,104.63,1.0,105
2026-10-09,53,41584,210105,PALLET_WOOD_44x56,104.63,1.0,105
2026-10-09,53,41584,210105,TIERSHEET_44x56,104.63,7.0,732
2026-10-09,53,41584,210105,TOPFRAME_WOOD_44x56,104.63,1.0,105
2026-10-10,53,41584,210105,PALLET_WOOD_44x56,104.63,1.0,105
2026-10-10,53,41584,210105,TIERSHEET_44x56,104.63,7.0,732
2026-10-10,53,41584,210105,TOPFRAME_WOOD_44x56,104.63,1.0,105
2026-10-11,53,41584,210105,PALLET_WOOD_44x56,104.63,1.0,105
2026-10-11,53,41584,210105,TIERSHEET_44x56,104.63,7.0,732
2026-10-11,53,41584,210105,TOPFRAME_WOOD_44x56,104.63,1.0,105
2026-10-12,53,41584,210105,PALLET_WOOD_44x56,104.63,1.0,105
2026-10-12,53,41584,210105,TIERSHEET_44x56,104.63,7.0,732
2026-10-12,53,41584,210105,TOPFRAME_WOOD_44x56,104.63,1.0,105
2026-10-13,53,41584,210105,PALLET_WOOD_44x56,104.63,1.0,105
2026-10-13,53,41584,210105,TIERSHEET_44x56,104.63,7.0,732
2026-10-13,53,41584,210105,TOPFRAME_WOOD_44x56,104.63,1.0,105
2026-10-14,53,41584,210105,PALLET_WOOD_44x56,104.63,1.0,105
2026-10-14,53,41584,210105,TIERSHEET_44x56,104.63,7.0,732
2026-10-14,53,41584,210105,TOPFRAME_WOOD_44x56,104.63,1.0,105
2026-10-15,53,41584,210105,PALLET_WOOD_44x56,104.63,1.0,105
2026-10-15,53,41584,210105,TIERSHEET_44x56,104.63,7.0,732
2026-10-15,53,41584,210105,TOPFRAME_WOOD_44x56,104.63,1.0,105
2026-10-16,53,41584,210105,PALLET_WOOD_44x56,104.63,1.0,105
2026-10-16,53,41584,210105,TIERSHEET_44x56,104.63,7.0,732
2026-10-16,53,41584,210105,TOPFRAME_WOOD_44x56,104.63,1.0,105
2026-10-17,53,41584,210105,PALLET_WOOD_44x56,104.63,1.0,105
2026-10-17,53,41584,210105,TIERSHEET_44x56,104.63,7.0,732
2026-10-17,53,41584,210105,TOPFRAME_WOOD_44x56,104.63,1.0,105
2026-10-18,53,41584,210105,PALLET_WOOD_44x56,104.63,1.0,105
2026-10-18,53,41584,210105,TIERSHEET_44x56,104.63,7.0,732
2026-10-18,53,41584,210105,TOPFRAME_WOOD_44x56,104.63,1.0,105
2026-10-19,53,41584,210105,PALLET_WOOD_44x56,104.63,1.0,105
2026-10-19,53,41584,210105,TIERSHEET_44x56,104.63,7.0,732
2026-10-19,53,41584,210105,TOPFRAME_WOOD_44x56,104.63,1.0,105
2026-10-20,53,41584,210105,PALLET_WOOD_44x56,104.63,1.0,105
2026-10-20,53,41584,210105,TIERSHEET_44x56,104.63,7.0,732
2026-10-20,53,41584,210105,TOPFRAME_WOOD_44x56,104.63,1.0,105
2026-10-21,53,41584,210105,PALLET_WOOD_44x56,104.63,1.0,105
2026-10-21,53,41584,210105,TIERSHEET_44x56,104.63,7.0,732
2026-10-21,53,41584,210105,TOPFRAME_WOOD_44x56,104.63,1.0,105
2026-10-22,53,41584,210105,PALLET_WOOD_44x56,104.63,1.0,105
2026-10-22,53,41584,210105,TIERSHEET_44x56,104.63,7.0,732
2026-10-22,53,41584,210105,TOPFRAME_WOOD_44x56,104.63,1.0,105
2026-10-23,53,41584,210105,PALLET_WOOD_44x56,104.63,1.0,105
2026-10-23,53,41584,210105,TIERSHEET_44x56,104.63,7.0,732
2026-10-23,53,41584,210105,TOPFRAME_WOOD_44x56,104.63,1.0,105
2026-10-24,53,41584,210105,PALLET_WOOD_44x56,104.63,1.0,105
2026-10-24,53,41584,210105,TIERSHEET_44x56,104.63,7.0,732
2026-10-24,53,41584,210105,TOPFRAME_WOOD_44x56,104.63,1.0,105
2026-10-25,53,42097,210109,PALLET_WOOD_44x56,196.77,1.0,197
2026-10-25,53,42097,210109,TIERSHEET_44x56,196.77,5.0,984
2026-10-25,53,42097,210109,TOPFRAME_WOOD_44x56,196.77,1.0,197
2026-10-25,53,42097,210109,HOOD_PLASTIC_44x56,196.77,1.0,197
2026-10-26,53,42097,210109,PALLET_WOOD_44x56,196.77,1.0,197
2026-10-26,53,42097,210109,TIERSHEET_44x56,196.77,5.0,984
2026-10-26,53,42097,210109,TOPFRAME_WOOD_44x56,196.77,1.0,197
2026-10-26,53,42097,210109,HOOD_PLASTIC_44x56,196.77,1.0,197
2026-10-27,53,42097,210109,PALLET_WOOD_44x56,196.77,1.0,197
2026-10-27,53,42097,210109,TIERSHEET_44x56,196.77,5.0,984
2026-10-27,53,42097,210109,TOPFRAME_WOOD_44x56,196.77,1.0,197
2026-10-27,53,42097,210109,HOOD_PLASTIC_44x56,196.77,1.0,197
2026-10-28,53,42097,210109,PALLET_WOOD_44x56,196.77,1.0,197
2026-10-28,53,42097,210109,TIERSHEET_44x56,196.77,5.0,984
2026-10-28,53,42097,210109,TOPFRAME_WOOD_44x56,196.77,1.0,197
2026-10-28,53,42097,210109,HOOD_PLASTIC_44x56,196.77,1.0,197
2026-10-29,53,42097,210109,PALLET_WOOD_44x56,196.77,1.0,197
2026-10-29,53,42097,210109,TIERSHEET_44x56,196.77,5.0,984
2026-10-29,53,42097,210109,TOPFRAME_WOOD_44x56,196.77,1.0,197
2026-10-29,53,42097,210109,HOOD_PLASTIC_44x56,196.77,1.0,197
2026-10-30,53,42097,210109,PALLET_WOOD_44x56,196.77,1.0,197
2026-10-30,53,42097,210109,TIERSHEET_44x56,196.77,5.0,984
2026-10-30,53,42097,210109,TOPFRAME_WOOD_44x56,196.77,1.0,197
2026-10-30,53,42097,210109,HOOD_PLASTIC_44x56,196.77,1.0,197
2026-10-31,53,42097,210109,PALLET_WOOD_44x56,196.77,1.0,197
2026-10-31,53,42097,210109,TIERSHEET_44x56,196.77,5.0,984
2026-10-31,53,42097,210109,TOPFRAME_WOOD_44x56,196.77,1.0,197
2026-10-31,53,42097,210109,HOOD_PLASTIC_44x56,196.77,1.0,197
2026-11-01,53,42097,210109,PALLET_WOOD_44x56,196.77,1.0,197
2026-11-01,53,42097,210109,TIERSHEET_44x56,196.77,5.0,984
2026-11-01,53,42097,210109,TOPFRAME_WOOD_44x56,196.77,1.0,197
2026-11-01,53,42097,210109,HOOD_PLASTIC_44x56,196.77,1.0,197
2026-11-02,53,42097,210109,PALLET_WOOD_44x56,196.77,1.0,197
2026-11-02,53,42097,210109,TIERSHEET_44x56,196.77,5.0,984
2026-11-02,53,42097,210109,TOPFRAME_WOOD_44x56,196.77,1.0,197
2026-11-02,53,42097,210109,HOOD_PLASTIC_44x56,196.77,1.0,197
2026-11-03,53,42258,210110,PALLET_WOOD_40x48,168.84,1.0,169
2026-11-03,53,42258,210110,TIERSHEET_40x48,168.84,6.0,1013
2026-11-03,53,42258,210110,TOPFRAME_WOOD_40x48,168.84,1.0,169
2026-11-04,53,42258,210110,PALLET_WOOD_40x48,168.84,1.0,169
2026-11-04,53,42258,210110,TIERSHEET_40x48,168.84,6.0,1013
2026-11-04,53,42258,210110,TOPFRAME_WOOD_40x48,168.84,1.0,169
2026-11-05,53,42258,210110,PALLET_WOOD_40x48,168.84,1.0,169
2026-11-05,53,42258,210110,TIERSHEET_40x48,168.84,6.0,1013
2026-11-05,53,42258,210110,TOPFRAME_WOOD_40x48,168.84,1.0,169
2026-11-06,53,42258,210110,PALLET_WOOD_40x48,168.84,1.0,169
2026-11-06,53,42258,210110,TIERSHEET_40x48,168.84,6.0,1013
2026-11-06,53,42258,210110,TOPFRAME_WOOD_40x48,168.84,1.0,169
2026-11-07,53,42258,210110,PALLET_WOOD_40x48,168.84,1.0,169
2026-11-07,53,42258,210110,TIERSHEET_40x48,168.84,6.0,1013
2026-11-07,53,42258,210110,TOPFRAME_WOOD_40x48,168.84,1.0,169
2026-11-08,53,42258,210110,PALLET_WOOD_40x48,168.84,1.0,169
2026-11-08,53,42258,210110,TIERSHEET_40x48,168.84,6.0,1013
2026-11-08,53,42258,210110,TOPFRAME_WOOD_40x48,168.84,1.0,169
2026-11-09,53,42258,210110,PALLET_WOOD_40x48,148.77,1.0,149
2026-11-09,53,42258,210110,TIERSHEET_40x48,148.77,6.0,893
2026-11-09,53,42258,210110,TOPFRAME_WOOD_40x48,148.77,1.0,149
2026-11-10,53,42258,210110,PALLET_WOOD_40x48,148.77,1.0,149
2026-11-10,53,42258,210110,TIERSHEET_40x48,148.77,6.0,893
2026-11-10,53,42258,210110,TOPFRAME_WOOD_40x48,148.77,1.0,149
2026-11-11,53,42258,210110,PALLET_WOOD_40x48,148.77,1.0,149
2026-11-11,53,42258,210110,TIERSHEET_40x48,148.77,6.0,893
2026-11-11,53,42258,210110,TOPFRAME_WOOD_40x48,148.77,1.0,149
2026-11-12,53,42258,210110,PALLET_WOOD_40x48,148.77,1.0,149
2026-11-12,53,42258,210110,TIERSHEET_40x48,148.77,6.0,893
2026-11-12,53,42258,210110,TOPFRAME_WOOD_40x48,148.77,1.0,149
2026-11-13,53,42258,210110,PALLET_WOOD_40x48,148.77,1.0,149
2026-11-13,53,42258,210110,TIERSHEET_40x48,148.77,6.0,893
2026-11-13,53,42258,210110,TOPFRAME_WOOD_40x48,148.77,1.0,149
2026-11-14,53,42258,210110,PALLET_WOOD_40x48,148.77,1.0,149
2026-11-14,53,42258,210110,TIERSHEET_40x48,148.77,6.0,893
2026-11-14,53,42258,210110,TOPFRAME_WOOD_40x48,148.77,1.0,149
2026-11-15,53,42258,210110,PALLET_WOOD_40x48,148.77,1.0,149
2026-11-15,53,42258,210110,TIERSHEET_40x48,148.77,6.0,893
2026-11-15,53,42258,210110,TOPFRAME_WOOD_40x48,148.77,1.0,149
2026-11-16,53,42796,160208,PALLET_WOOD_40x48,433.63,1.0,434
2026-11-16,53,42796,160208,TIERSHEET_40x48,433.63,3.0,1301
2026-11-17,53,42796,160208,PALLET_WOOD_40x48,433.63,1.0,434
2026-11-17,53,42796,160208,TIERSHEET_40x48,433.63,3.0,1301
2026-11-18,53,42796,160208,PALLET_WOOD_40x48,433.63,1.0,434
2026-11-18,53,42796,160208,TIERSHEET_40x48,433.63,3.0,1301
2026-11-19,53,42796,160208,PALLET_WOOD_40x48,433.63,1.0,434
2026-11-19,53,42796,160208,TIERSHEET_40x48,433.63,3.0,1301
2026-11-20,53,42796,160208,PALLET_WOOD_40x48,433.63,1.0,434
2026-11-20,53,42796,160208,TIERSHEET_40x48,433.63,3.0,1301
2026-11-21,53,42796,160208,PALLET_WOOD_40x48,433.63,1.0,434
2026-11-21,53,42796,160208,TIERSHEET_40x48,433.63,3.0,1301
2026-11-22,53,42796,160208,PALLET_WOOD_40x48,433.63,1.0,434
2026-11-22,53,42796,160208,TIERSHEET_40x48,433.63,3.0,1301
2026-11-23,53,42796,160208,PALLET_WOOD_40x48,433.63,1.0,434
2026-11-23,53,42796,160208,TIERSHEET_40x48,433.63,3.0,1301
2026-11-24,53,42796,160208,PALLET_WOOD_40x48,433.63,1.0,434
2026-11-24,53,42796,160208,TIERSHEET_40x48,433.63,3.0,1301
2026-11-25,53,41708,160205,PALLET_WOOD_44x56,196.5,1.0,197
2026-11-25,53,41708,160205,TIERSHEET_44x56,196.5,5.0,983
2026-11-26,53,41708,160205,PALLET_WOOD_44x56,196.5,1.0,197
2026-11-26,53,41708,160205,TIERSHEET_44x56,196.5,5.0,983
2026-11-27,53,41708,160205,PALLET_WOOD_44x56,196.5,1.0,197
2026-11-27,53,41708,160205,TIERSHEET_44x56,196.5,5.0,983
2026-11-28,53,41708,160205,PALLET_WOOD_44x56,196.5,1.0,197
2026-11-28,53,41708,160205,TIERSHEET_44x56,196.5,5.0,983
2026-11-29,53,41708,160205,PALLET_WOOD_44x56,196.5,1.0,197
2026-11-29,53,41708,160205,TIERSHEET_44x56,196.5,5.0,983
2026-11-30,53,41708,160205,PALLET_WOOD_44x56,196.5,1.0,197
2026-11-30,53,41708,160205,TIERSHEET_44x56,196.5,5.0,983
2026-12-01,53,41708,160205,PALLET_WOOD_44x56,196.5,1.0,197
2026-12-01,53,41708,160205,TIERSHEET_44x56,196.5,5.0,983
2026-12-02,53,41963,210108,PALLET_WOOD_40x48,193.2,1.0,193
2026-12-02,53,41963,210108,TIERSHEET_40x48,193.2,5.0,966
2026-12-02,53,41963,210108,TOPFRAME_WOOD_40x48,193.2,1.0,193
2026-12-03,53,41963,210108,PALLET_WOOD_40x48,193.2,1.0,193
2026-12-03,53,41963,210108,TIERSHEET_40x48,193.2,5.0,966
2026-12-03,53,41963,210108,TOPFRAME_WOOD_40x48,193.2,1.0,193
2026-12-04,53,41963,210108,PALLET_WOOD_40x48,193.2,1.0,193
2026-12-04,53,41963,210108,TIERSHEET_40x48,193.2,5.0,966
2026-12-04,53,41963,210108,TOPFRAME_WOOD_40x48,193.2,1.0,193
