2026-08-06,PALLET_WOOD_44x56,490,0

2026-08-06,TIERSHEET_44x56,2521,0

2026-08-06,TOPFRAME_WOOD_44x56,143,0

2026-08-07,PALLET_WOOD_44x56,490,0

2026-08-07,TIERSHEET_44x56,2521,0

2026-08-07,TOPFRAME_WOOD_44x56,143,0

2026-08-08,PALLET_WOOD_44x56,490,20

2026-08-08,TIERSHEET_44x56,2521,0

2026-08-08,TOPFRAME_WOOD_44x56,143,0

2026-08-09,PALLET_WOOD_44x56,490,490

2026-08-09,TIERSHEET_44x56,2521,284

2026-08-09,TOPFRAME_WOOD_44x56,143,0

2026-08-10,PALLET_WOOD_44x56,490,490

2026-08-10,TIERSHEET_44x56,2521,2521

2026-08-10,TOPFRAME_WOOD_44x56,143,95

2026-08-11,PALLET_WOOD_44x56,490,490

2026-08-11,TIERSHEET_44x56,2521,2521

2026-08-11,TOPFRAME_WOOD_44x56,143,143

2026-08-12,HOOD_PLASTIC_44x56,141,0

2026-08-12,PALLET_WOOD_44x56,494,494

2026-08-12,TIERSHEET_44x56,2964,2964

2026-08-12,TOPFRAME_WOOD_44x56,284,284

2026-08-13,HOOD_PLASTIC_44x56,141,132

2026-08-13,PALLET_WOOD_44x56,494,494

2026-08-13,TIERSHEET_44x56,2964,2964

2026-08-13,TOPFRAME_WOOD_44x56,284,284

2026-08-14,HOOD_PLASTIC_44x56,141,141

2026-08-14,PALLET_WOOD_44x56,494,494

2026-08-14,TIERSHEET_44x56,2964,2964

2026-08-14,TOPFRAME_WOOD_44x56,284,284

2026-08-15,HOOD_PLASTIC_44x56,141,141

2026-08-15,PALLET_WOOD_44x56,494,494

2026-08-15,TIERSHEET_44x56,2964,2964

2026-08-15,TOPFRAME_WOOD_44x56,284,284

2026-08-16,HOOD_PLASTIC_44x56,141,141

2026-08-16,PALLET_WOOD_44x56,494,494

2026-08-16,TIERSHEET_44x56,2964,2964

2026-08-16,TOPFRAME_WOOD_44x56,284,284

2026-08-17,HOOD_PLASTIC_44x56,141,141

2026-08-17,PALLET_WOOD_44x56,494,494

2026-08-17,TIERSHEET_44x56,2964,2964

2026-08-17,TOPFRAME_WOOD_44x56,284,284

2026-08-18,HOOD_PLASTIC_44x56,141,141

2026-08-18,PALLET_WOOD_40x48,206,0

2026-08-18,PALLET_WOOD_44x56,284,284

2026-08-18,TIERSHEET_40x48,1032,0

2026-08-18,TIERSHEET_44x56,2125,2125

2026-08-18,TOPFRAME_WOOD_40x48,206,0

2026-08-18,TOPFRAME_WOOD_44x56,284,284

2026-08-19,HOOD_PLASTIC_44x56,141,141

2026-08-19,PALLET_WOOD_40x48,206,0

2026-08-19,PALLET_WOOD_44x56,284,284

2026-08-19,TIERSHEET_40x48,1032,0

2026-08-19,TIERSHEET_44x56,2125,2125

2026-08-19,TOPFRAME_WOOD_40x48,206,0

2026-08-19,TOPFRAME_WOOD_44x56,284,284

2026-08-20,HOOD_PLASTIC_44x56,141,141

2026-08-20,PALLET_WOOD_40x48,206,0

2026-08-20,PALLET_WOOD_44x56,284,284

2026-08-20,TIERSHEET_40x48,1032,0

2026-08-20,TIERSHEET_44x56,2125,2125

2026-08-20,TOPFRAME_WOOD_40x48,206,0

2026-08-20,TOPFRAME_WOOD_44x56,284,284

2026-08-21,HOOD_PLASTIC_44x56,141,141

2026-08-21,PALLET_WOOD_40x48,206,0

2026-08-21,PALLET_WOOD_44x56,284,284

2026-08-21,TIERSHEET_40x48,1032,0

2026-08-21,TIERSHEET_44x56,2125,2125

2026-08-21,TOPFRAME_WOOD_40x48,206,0

2026-08-21,TOPFRAME_WOOD_44x56,284,284

2026-08-22,HOOD_PLASTIC_44x56,141,141

2026-08-22,PALLET_WOOD_40x48,206,0

2026-08-22,PALLET_WOOD_44x56,284,284

2026-08-22,TIERSHEET_40x48,1032,0

2026-08-22,TIERSHEET_44x56,2125,2125

2026-08-22,TOPFRAME_WOOD_40x48,206,130

2026-08-22,TOPFRAME_WOOD_44x56,284,284

2026-08-23,HOOD_PLASTIC_44x56,141,141

2026-08-23,PALLET_WOOD_40x48,206,0

2026-08-23,PALLET_WOOD_44x56,284,284

2026-08-23,TIERSHEET_40x48,1032,0

2026-08-23,TIERSHEET_44x56,2125,2125

2026-08-23,TOPFRAME_WOOD_40x48,206,206

2026-08-23,TOPFRAME_WOOD_44x56,284,284

2026-08-24,HOOD_PLASTIC_44x56,141,141

2026-08-24,PALLET_WOOD_40x48,206,0

2026-08-24,PALLET_WOOD_44x56,262,262

2026-08-24,TIERSHEET_40x48,1032,0

2026-08-24,TIERSHEET_44x56,1611,1611

2026-08-24,TOPFRAME_WOOD_40x48,206,206

2026-08-24,TOPFRAME_WOOD_44x56,141,141

2026-08-25,HOOD_PLASTIC_44x56,141,141

2026-08-25,PALLET_WOOD_40x48,206,0

2026-08-25,PALLET_WOOD_44x56,262,262

2026-08-25,TIERSHEET_40x48,1032,0

2026-08-25,TIERSHEET_44x56,1611,1611

2026-08-25,TOPFRAME_WOOD_40x48,206,206

2026-08-25,TOPFRAME_WOOD_44x56,141,141

2026-08-26,HOOD_PLASTIC_44x56,141,141

2026-08-26,PALLET_WOOD_40x48,206,0

2026-08-26,PALLET_WOOD_44x56,262,262

2026-08-26,TIERSHEET_40x48,1032,0

2026-08-26,TIERSHEET_44x56,1611,1611

2026-08-26,TOPFRAME_WOOD_40x48,206,206

2026-08-26,TOPFRAME_WOOD_44x56,141,141

2026-08-27,HOOD_PLASTIC_44x56,141,141

2026-08-27,PALLET_WOOD_40x48,206,0

2026-08-27,PALLET_WOOD_44x56,262,262

2026-08-27,TIERSHEET_40x48,1032,0

2026-08-27,TIERSHEET_44x56,1611,1611

2026-08-27,TOPFRAME_WOOD_40x48,206,206

2026-08-27,TOPFRAME_WOOD_44x56,141,141

2026-08-28,HOOD_PLASTIC_44x56,141,141

2026-08-28,PALLET_WOOD_40x48,206,0

2026-08-28,PALLET_WOOD_44x56,262,262

2026-08-28,TIERSHEET_40x48,1032,0

2026-08-28,TIERSHEET_44x56,1611,1611

2026-08-28,TOPFRAME_WOOD_40x48,206,206

2026-08-28,TOPFRAME_WOOD_44x56,141,141

2026-08-29,HOOD_PLASTIC_44x56,141,141

2026-08-29,PALLET_WOOD_40x48,206,0

2026-08-29,PALLET_WOOD_44x56,262,262

2026-08-29,TIERSHEET_40x48,1032,0

2026-08-29,TIERSHEET_44x56,1611,1611

2026-08-29,TOPFRAME_WOOD_40x48,206,206

2026-08-29,TOPFRAME_WOOD_44x56,141,141

2026-08-30,PALLET_WOOD_40x48,206,78

2026-08-30,PALLET_WOOD_44x56,337,337

2026-08-30,TIERSHEET_40x48,1032,0

2026-08-30,TIERSHEET_44x56,1349,1349

2026-08-30,TOPFRAME_WOOD_40x48,206,206

2026-08-31,PALLET_WOOD_40x48,206,206

2026-08-31,PALLET_WOOD_44x56,337,337

2026-08-31,TIERSHEET_40x48,1032,0

2026-08-31,TIERSHEET_44x56,1349,1349

2026-08-31,TOPFRAME_WOOD_40x48,206,206

2026-09-01,PALLET_WOOD_40x48,206,206

2026-09-01,PALLET_WOOD_44x56,337,337

2026-09-01,TIERSHEET_40x48,1032,0

2026-09-01,TIERSHEET_44x56,1349,1349

2026-09-01,TOPFRAME_WOOD_40x48,206,206

2026-09-02,PALLET_WOOD_40x48,206,206

2026-09-02,PALLET_WOOD_44x56,337,337

2026-09-02,TIERSHEET_40x48,1032,0

2026-09-02,TIERSHEET_44x56,1349,1349

2026-09-02,TOPFRAME_WOOD_40x48,206,206

2026-09-03,HOOD_PLASTIC_40x48,70,0

2026-09-03,PALLET_WOOD_40x48,70,70

2026-09-03,PALLET_WOOD_44x56,337,337

2026-09-03,TIERSHEET_40x48,562,0

2026-09-03,TIERSHEET_44x56,1349,1349

2026-09-03,TOPFRAME_WOOD_40x48,70,70

2026-09-04,HOOD_PLASTIC_40x48,70,0

2026-09-04,PALLET_WOOD_40x48,70,70

2026-09-04,PALLET_WOOD_44x56,337,337

2026-09-04,TIERSHEET_40x48,562,0

2026-09-04,TIERSHEET_44x56,1349,1349

2026-09-04,TOPFRAME_WOOD_40x48,70,70

2026-09-05,HOOD_PLASTIC_40x48,70,0

2026-09-05,PALLET_WOOD_40x48,70,70

2026-09-05,PALLET_WOOD_44x56,337,337

2026-09-05,TIERSHEET_40x48,562,0

2026-09-05,TIERSHEET_44x56,1349,1349

2026-09-05,TOPFRAME_WOOD_40x48,70,70

2026-09-06,HOOD_PLASTIC_40x48,70,0

2026-09-06,PALLET_WOOD_40x48,70,70

2026-09-06,PALLET_WOOD_44x56,337,337

2026-09-06,TIERSHEET_40x48,562,0

2026-09-06,TIERSHEET_44x56,1349,1349

2026-09-06,TOPFRAME_WOOD_40x48,70,70

2026-09-07,HOOD_PLASTIC_40x48,70,0

2026-09-07,PALLET_WOOD_40x48,242,242

2026-09-07,PALLET_WOOD_44x56,216,216

2026-09-07,TIERSHEET_40x48,1420,0

2026-09-07,TIERSHEET_44x56,864,864

2026-09-07,TOPFRAME_WOOD_40x48,242,242

2026-09-08,PALLET_WOOD_40x48,172,172

2026-09-08,PALLET_WOOD_44x56,319,319

2026-09-08,TIERSHEET_40x48,858,38

2026-09-08,TIERSHEET_44x56,1582,1582

2026-09-08,TOPFRAME_WOOD_40x48,172,172

2026-09-08,TOPFRAME_WOOD_44x56,103,103

2026-09-09,PALLET_WOOD_40x48,172,172

2026-09-09,PALLET_WOOD_44x56,319,319

2026-09-09,TIERSHEET_40x48,858,858

2026-09-09,TIERSHEET_44x56,1582,1582

2026-09-09,TOPFRAME_WOOD_40x48,172,172

2026-09-09,TOPFRAME_WOOD_44x56,103,103

2026-09-10,PALLET_WOOD_40x48,172,172

2026-09-10,PALLET_WOOD_44x56,319,319

2026-09-10,TIERSHEET_40x48,858,858

2026-09-10,TIERSHEET_44x56,1582,1582

2026-09-10,TOPFRAME_WOOD_40x48,172,172

2026-09-10,TOPFRAME_WOOD_44x56,103,103

2026-09-11,PALLET_WOOD_40x48,384,384

2026-09-11,PALLET_WOOD_44x56,103,103

2026-09-11,TIERSHEET_40x48,2131,2131

2026-09-11,TIERSHEET_44x56,718,718

2026-09-11,TOPFRAME_WOOD_40x48,384,384

2026-09-11,TOPFRAME_WOOD_44x56,103,103

2026-09-12,PALLET_WOOD_40x48,384,384

2026-09-12,PALLET_WOOD_44x56,103,103

2026-09-12,TIERSHEET_40x48,2131,2131

2026-09-12,TIERSHEET_44x56,718,718

2026-09-12,TOPFRAME_WOOD_40x48,384,384

2026-09-12,TOPFRAME_WOOD_44x56,103,103

2026-09-13,PALLET_WOOD_40x48,384,384

2026-09-13,PALLET_WOOD_44x56,103,103

2026-09-13,TIERSHEET_40x48,2131,2131

2026-09-13,TIERSHEET_44x56,718,718

2026-09-13,TOPFRAME_WOOD_40x48,384,384

2026-09-13,TOPFRAME_WOOD_44x56,103,103

2026-09-14,PALLET_WOOD_40x48,384,384

2026-09-14,PALLET_WOOD_44x56,103,103

2026-09-14,TIERSHEET_40x48,2131,2131

2026-09-14,TIERSHEET_44x56,718,718

2026-09-14,TOPFRAME_WOOD_40x48,384,384

2026-09-14,TOPFRAME_WOOD_44x56,103,103

2026-09-15,HOOD_PLASTIC_44x56,99,99

2026-09-15,PALLET_WOOD_40x48,384,384

2026-09-15,PALLET_WOOD_44x56,99,99

2026-09-15,TIERSHEET_40x48,2131,2131

2026-09-15,TIERSHEET_44x56,795,795

2026-09-15,TOPFRAME_WOOD_40x48,384,384

2026-09-15,TOPFRAME_WOOD_44x56,99,99

2026-09-16,HOOD_PLASTIC_44x56,99,99

2026-09-16,PALLET_WOOD_40x48,384,384

2026-09-16,PALLET_WOOD_44x56,99,99

2026-09-16,TIERSHEET_40x48,2131,2131

2026-09-16,TIERSHEET_44x56,795,795

2026-09-16,TOPFRAME_WOOD_40x48,384,384

2026-09-16,TOPFRAME_WOOD_44x56,99,99

2026-09-17,HOOD_PLASTIC_44x56,99,99

2026-09-17,PALLET_WOOD_40x48,212,212

2026-09-17,PALLET_WOOD_44x56,590,590

2026-09-17,TIERSHEET_40x48,1273,1273

2026-09-17,TIERSHEET_44x56,1776,1776

2026-09-17,TOPFRAME_WOOD_40x48,212,212

2026-09-17,TOPFRAME_WOOD_44x56,99,99

2026-09-18,HOOD_PLASTIC_44x56,99,99

2026-09-18,PALLET_WOOD_40x48,212,212

2026-09-18,PALLET_WOOD_44x56,590,590

2026-09-18,TIERSHEET_40x48,1273,1273

2026-09-18,TIERSHEET_44x56,1776,1776

2026-09-18,TOPFRAME_WOOD_40x48,212,212

2026-09-18,TOPFRAME_WOOD_44x56,99,99

2026-09-19,HOOD_PLASTIC_44x56,99,99

2026-09-19,PALLET_WOOD_40x48,212,212

2026-09-19,PALLET_WOOD_44x56,590,590

2026-09-19,TIERSHEET_40x48,1273,1273

2026-09-19,TIERSHEET_44x56,1776,1776

2026-09-19,TOPFRAME_WOOD_40x48,212,212

2026-09-19,TOPFRAME_WOOD_44x56,99,99

2026-09-20,HOOD_PLASTIC_44x56,99,99

2026-09-20,PALLET_WOOD_40x48,212,212

2026-09-20,PALLET_WOOD_44x56,590,590

2026-09-20,TIERSHEET_40x48,1273,1273

2026-09-20,TIERSHEET_44x56,1776,1776

2026-09-20,TOPFRAME_WOOD_40x48,212,212

2026-09-20,TOPFRAME_WOOD_44x56,99,99

2026-09-21,HOOD_PLASTIC_44x56,99,99

2026-09-21,PALLET_WOOD_40x48,212,212

2026-09-21,PALLET_WOOD_44x56,590,590

2026-09-21,TIERSHEET_40x48,1273,1273

2026-09-21,TIERSHEET_44x56,1776,1776

2026-09-21,TOPFRAME_WOOD_40x48,212,212

2026-09-21,TOPFRAME_WOOD_44x56,99,99

2026-09-22,HOOD_PLASTIC_44x56,99,99

2026-09-22,PALLET_WOOD_40x48,212,212

2026-09-22,PALLET_WOOD_44x56,590,590

2026-09-22,TIERSHEET_40x48,1273,1273

2026-09-22,TIERSHEET_44x56,1776,1776

2026-09-22,TOPFRAME_WOOD_40x48,212,212

2026-09-22,TOPFRAME_WOOD_44x56,99,99

2026-09-23,HOOD_PLASTIC_44x56,99,99

2026-09-23,PALLET_WOOD_40x48,212,212

2026-09-23,PALLET_WOOD_44x56,590,590

2026-09-23,TIERSHEET_40x48,1273,1273

2026-09-23,TIERSHEET_44x56,1776,1776

2026-09-23,TOPFRAME_WOOD_40x48,212,212

2026-09-23,TOPFRAME_WOOD_44x56,99,99

2026-09-24,HOOD_PLASTIC_44x56,99,99

2026-09-24,PALLET_WOOD_40x48,212,212

2026-09-24,PALLET_WOOD_44x56,590,590

2026-09-24,TIERSHEET_40x48,1273,1273

2026-09-24,TIERSHEET_44x56,1776,1776

2026-09-24,TOPFRAME_WOOD_40x48,212,212

2026-09-24,TOPFRAME_WOOD_44x56,99,99

2026-09-25,HOOD_PLASTIC_44x56,99,99

2026-09-25,PALLET_WOOD_40x48,212,212

2026-09-25,PALLET_WOOD_44x56,590,590

2026-09-25,TIERSHEET_40x48,1273,1273

2026-09-25,TIERSHEET_44x56,1776,1776

2026-09-25,TOPFRAME_WOOD_40x48,212,212

2026-09-25,TOPFRAME_WOOD_44x56,99,99

2026-09-26,PALLET_WOOD_40x48,172,172

2026-09-26,PALLET_WOOD_44x56,788,788

2026-09-26,TIERSHEET_40x48,858,858

2026-09-26,TIERSHEET_44x56,3060,3060

2026-09-26,TOPFRAME_WOOD_40x48,172,172

2026-09-26,TOPFRAME_WOOD_44x56,297,297

2026-09-27,PALLET_WOOD_40x48,172,172

2026-09-27,PALLET_WOOD_44x56,788,788

2026-09-27,TIERSHEET_40x48,858,858

2026-09-27,TIERSHEET_44x56,3060,3060

2026-09-27,TOPFRAME_WOOD_40x48,172,172

2026-09-27,TOPFRAME_WOOD_44x56,297,297

2026-09-28,PALLET_WOOD_40x48,172,172

2026-09-28,PALLET_WOOD_44x56,788,788

2026-09-28,TIERSHEET_40x48,858,858

2026-09-28,TIERSHEET_44x56,3060,3060

2026-09-28,TOPFRAME_WOOD_40x48,172,172

2026-09-28,TOPFRAME_WOOD_44x56,297,297

2026-09-29,PALLET_WOOD_40x48,172,172

2026-09-29,PALLET_WOOD_44x56,788,788

2026-09-29,TIERSHEET_40x48,858,858

2026-09-29,TIERSHEET_44x56,3060,3060

2026-09-29,TOPFRAME_WOOD_40x48,172,172

2026-09-29,TOPFRAME_WOOD_44x56,297,297

2026-09-30,PALLET_WOOD_40x48,172,172

2026-09-30,PALLET_WOOD_44x56,788,788

2026-09-30,TIERSHEET_40x48,858,858

2026-09-30,TIERSHEET_44x56,3060,3060

2026-09-30,TOPFRAME_WOOD_40x48,172,172

2026-09-30,TOPFRAME_WOOD_44x56,297,297

2026-10-01,PALLET_WOOD_40x48,269,269

2026-10-01,PALLET_WOOD_44x56,297,297

2026-10-01,TIERSHEET_40x48,1439,1439

2026-10-01,TIERSHEET_44x56,2079,2079

2026-10-01,TOPFRAME_WOOD_40x48,269,269

2026-10-01,TOPFRAME_WOOD_44x56,297,297

2026-10-02,PALLET_WOOD_40x48,269,269

2026-10-02,PALLET_WOOD_44x56,297,297

2026-10-02,TIERSHEET_40x48,1439,1439

2026-10-02,TIERSHEET_44x56,2079,2079

2026-10-02,TOPFRAME_WOOD_40x48,269,269

2026-10-02,TOPFRAME_WOOD_44x56,297,297

2026-10-03,PALLET_WOOD_40x48,269,269

2026-10-03,PALLET_WOOD_44x56,297,297

2026-10-03,TIERSHEET_40x48,1439,1439

2026-10-03,TIERSHEET_44x56,2079,2079

2026-10-03,TOPFRAME_WOOD_40x48,269,269

2026-10-03,TOPFRAME_WOOD_44x56,297,297

2026-10-04,PALLET_WOOD_40x48,269,269

2026-10-04,PALLET_WOOD_44x56,297,297

2026-10-04,TIERSHEET_40x48,1439,1439

2026-10-04,TIERSHEET_44x56,2079,2079

2026-10-04,TOPFRAME_WOOD_40x48,269,269

2026-10-04,TOPFRAME_WOOD_44x56,297,297

2026-10-05,PALLET_WOOD_40x48,269,269

2026-10-05,PALLET_WOOD_44x56,297,297

2026-10-05,TIERSHEET_40x48,1439,1439

2026-10-05,TIERSHEET_44x56,2079,2079

2026-10-05,TOPFRAME_WOOD_40x48,269,269

2026-10-05,TOPFRAME_WOOD_44x56,297,297

2026-10-06,PALLET_WOOD_40x48,269,269

2026-10-06,PALLET_WOOD_44x56,297,297

2026-10-06,TIERSHEET_40x48,1439,1439

2026-10-06,TIERSHEET_44x56,2079,2079

2026-10-06,TOPFRAME_WOOD_40x48,269,269

2026-10-06,TOPFRAME_WOOD_44x56,297,297

2026-10-07,PALLET_WOOD_40x48,172,172

2026-10-07,PALLET_WOOD_44x56,402,402

2026-10-07,TIERSHEET_40x48,858,858

2026-10-07,TIERSHEET_44x56,2811,2811

2026-10-07,TOPFRAME_WOOD_40x48,172,172

2026-10-07,TOPFRAME_WOOD_44x56,402,402

2026-10-08,PALLET_WOOD_40x48,172,172

2026-10-08,PALLET_WOOD_44x56,402,402

2026-10-08,TIERSHEET_40x48,858,858

2026-10-08,TIERSHEET_44x56,2811,2811

2026-10-08,TOPFRAME_WOOD_40x48,172,172

2026-10-08,TOPFRAME_WOOD_44x56,402,402

2026-10-09,PALLET_WOOD_40x48,172,172

2026-10-09,PALLET_WOOD_44x56,402,402

2026-10-09,TIERSHEET_40x48,858,858

2026-10-09,TIERSHEET_44x56,2811,2811

2026-10-09,TOPFRAME_WOOD_40x48,172,172

2026-10-09,TOPFRAME_WOOD_44x56,402,402

2026-10-10,PALLET_WOOD_40x48,489,489

2026-10-10,PALLET_WOOD_44x56,105,105

2026-10-10,TIERSHEET_40x48,1810,1810

2026-10-10,TIERSHEET_44x56,732,732

2026-10-10,TOPFRAME_WOOD_40x48,172,172

2026-10-10,TOPFRAME_WOOD_44x56,105,105

2026-10-11,PALLET_WOOD_40x48,489,489

2026-10-11,PALLET_WOOD_44x56,105,105

2026-10-11,TIERSHEET_40x48,1810,1810

2026-10-11,TIERSHEET_44x56,732,732

2026-10-11,TOPFRAME_WOOD_40x48,172,172

2026-10-11,TOPFRAME_WOOD_44x56,105,105

2026-10-12,PALLET_WOOD_40x48,421,421

2026-10-12,PALLET_WOOD_44x56,105,105

2026-10-12,TIERSHEET_40x48,1573,1573

2026-10-12,TIERSHEET_44x56,732,732

2026-10-12,TOPFRAME_WOOD_40x48,104,104

2026-10-12,TOPFRAME_WOOD_44x56,105,105

2026-10-13,PALLET_WOOD_40x48,421,421

2026-10-13,PALLET_WOOD_44x56,105,105

2026-10-13,TIERSHEET_40x48,1573,1573

2026-10-13,TIERSHEET_44x56,732,732

2026-10-13,TOPFRAME_WOOD_40x48,104,104

2026-10-13,TOPFRAME_WOOD_44x56,105,105

2026-10-14,PALLET_WOOD_40x48,421,421

2026-10-14,PALLET_WOOD_44x56,105,105

2026-10-14,TIERSHEET_40x48,1573,1573

2026-10-14,TIERSHEET_44x56,732,732

2026-10-14,TOPFRAME_WOOD_40x48,104,104

2026-10-14,TOPFRAME_WOOD_44x56,105,105

2026-10-15,PALLET_WOOD_40x48,421,421

2026-10-15,PALLET_WOOD_44x56,105,105

2026-10-15,TIERSHEET_40x48,1573,1573

2026-10-15,TIERSHEET_44x56,732,732

2026-10-15,TOPFRAME_WOOD_40x48,104,104

2026-10-15,TOPFRAME_WOOD_44x56,105,105

2026-10-16,PALLET_WOOD_40x48,421,421

2026-10-16,PALLET_WOOD_44x56,105,105

2026-10-16,TIERSHEET_40x48,1573,1573

2026-10-16,TIERSHEET_44x56,732,732

2026-10-16,TOPFRAME_WOOD_40x48,104,104

2026-10-16,TOPFRAME_WOOD_44x56,105,105

2026-10-17,PALLET_WOOD_40x48,421,421

2026-10-17,PALLET_WOOD_44x56,105,105

2026-10-17,TIERSHEET_40x48,1573,1573

2026-10-17,TIERSHEET_44x56,732,732

2026-10-17,TOPFRAME_WOOD_40x48,104,104

2026-10-17,TOPFRAME_WOOD_44x56,105,105

2026-10-18,PALLET_WOOD_40x48,421,421

2026-10-18,PALLET_WOOD_44x56,105,105

2026-10-18,TIERSHEET_40x48,1573,1573

2026-10-18,TIERSHEET_44x56,732,732

2026-10-18,TOPFRAME_WOOD_40x48,104,104

2026-10-18,TOPFRAME_WOOD_44x56,105,105

2026-10-19,HOOD_PLASTIC_44x56,274,274

2026-10-19,PALLET_WOOD_40x48,173,173

2026-10-19,PALLET_WOOD_44x56,379,379

2026-10-19,TIERSHEET_40x48,1040,1040

2026-10-19,TIERSHEET_44x56,2103,2103

2026-10-19,TOPFRAME_WOOD_40x48,173,173

2026-10-19,TOPFRAME_WOOD_44x56,379,379

2026-10-20,HOOD_PLASTIC_44x56,274,274

2026-10-20,PALLET_WOOD_40x48,173,173

2026-10-20,PALLET_WOOD_44x56,379,379

2026-10-20,TIERSHEET_40x48,1040,1040

2026-10-20,TIERSHEET_44x56,2103,2103

2026-10-20,TOPFRAME_WOOD_40x48,173,173

2026-10-20,TOPFRAME_WOOD_44x56,379,379

2026-10-21,HOOD_PLASTIC_44x56,274,274

2026-10-21,PALLET_WOOD_40x48,173,173

2026-10-21,PALLET_WOOD_44x56,379,379

2026-10-21,TIERSHEET_40x48,1040,1040

2026-10-21,TIERSHEET_44x56,2103,2103

2026-10-21,TOPFRAME_WOOD_40x48,173,173

2026-10-21,TOPFRAME_WOOD_44x56,379,379

2026-10-22,HOOD_PLASTIC_44x56,274,274

2026-10-22,PALLET_WOOD_40x48,173,173

2026-10-22,PALLET_WOOD_44x56,379,379

2026-10-22,TIERSHEET_40x48,1040,1040

2026-10-22,TIERSHEET_44x56,2103,2103

2026-10-22,TOPFRAME_WOOD_40x48,173,173

2026-10-22,TOPFRAME_WOOD_44x56,379,379

2026-10-23,HOOD_PLASTIC_44x56,274,274

2026-10-23,PALLET_WOOD_40x48,173,173

2026-10-23,PALLET_WOOD_44x56,379,379

2026-10-23,TIERSHEET_40x48,1040,1040

2026-10-23,TIERSHEET_44x56,2103,2103

2026-10-23,TOPFRAME_WOOD_40x48,173,173

2026-10-23,TOPFRAME_WOOD_44x56,379,379

2026-10-24,HOOD_PLASTIC_44x56,274,274

2026-10-24,PALLET_WOOD_40x48,173,173

2026-10-24,PALLET_WOOD_44x56,379,379

2026-10-24,TIERSHEET_40x48,1040,1040

2026-10-24,TIERSHEET_44x56,2103,2103

2026-10-24,TOPFRAME_WOOD_40x48,173,173

2026-10-24,TOPFRAME_WOOD_44x56,379,379

2026-10-25,HOOD_PLASTIC_44x56,471,471

2026-10-25,PALLET_WOOD_40x48,173,173

2026-10-25,PALLET_WOOD_44x56,471,471

2026-10-25,TIERSHEET_40x48,1040,1040

2026-10-25,TIERSHEET_44x56,2355,2355

2026-10-25,TOPFRAME_WOOD_40x48,173,173

2026-10-25,TOPFRAME_WOOD_44x56,471,471

2026-10-26,HOOD_PLASTIC_44x56,471,471

2026-10-26,PALLET_WOOD_40x48,173,173

2026-10-26,PALLET_WOOD_44x56,471,471

2026-10-26,TIERSHEET_40x48,1040,1040

2026-10-26,TIERSHEET_44x56,2355,2355

2026-10-26,TOPFRAME_WOOD_40x48,173,173

2026-10-26,TOPFRAME_WOOD_44x56,471,471

2026-10-27,HOOD_PLASTIC_44x56,471,471

2026-10-27,PALLET_WOOD_40x48,173,173

2026-10-27,PALLET_WOOD_44x56,471,471

2026-10-27,TIERSHEET_40x48,1040,1040

2026-10-27,TIERSHEET_44x56,2355,2355

2026-10-27,TOPFRAME_WOOD_40x48,173,173

2026-10-27,TOPFRAME_WOOD_44x56,471,471

2026-10-28,HOOD_PLASTIC_44x56,471,471

2026-10-28,PALLET_WOOD_40x48,173,173

2026-10-28,PALLET_WOOD_44x56,471,471

2026-10-28,TIERSHEET_40x48,1040,1040

2026-10-28,TIERSHEET_44x56,2355,2355

2026-10-28,TOPFRAME_WOOD_40x48,173,173

2026-10-28,TOPFRAME_WOOD_44x56,471,471

2026-10-29,HOOD_PLASTIC_44x56,471,471

2026-10-29,PALLET_WOOD_40x48,173,173

2026-10-29,PALLET_WOOD_44x56,471,471

2026-10-29,TIERSHEET_40x48,1040,1040

2026-10-29,TIERSHEET_44x56,2355,2355

2026-10-29,TOPFRAME_WOOD_40x48,173,173

2026-10-29,TOPFRAME_WOOD_44x56,471,471

2026-10-30,HOOD_PLASTIC_44x56,471,471

2026-10-30,PALLET_WOOD_40x48,173,173

2026-10-30,PALLET_WOOD_44x56,471,471

2026-10-30,TIERSHEET_40x48,1040,1040

2026-10-30,TIERSHEET_44x56,2355,2355

2026-10-30,TOPFRAME_WOOD_40x48,173,173

2026-10-30,TOPFRAME_WOOD_44x56,471,471

2026-10-31,HOOD_PLASTIC_44x56,471,471

2026-10-31,PALLET_WOOD_40x48,173,173

2026-10-31,PALLET_WOOD_44x56,471,471

2026-10-31,TIERSHEET_40x48,1040,1040

2026-10-31,TIERSHEET_44x56,2355,2355

2026-10-31,TOPFRAME_WOOD_40x48,173,173

2026-10-31,TOPFRAME_WOOD_44x56,471,471

2026-11-01,HOOD_PLASTIC_44x56,197,197

2026-11-01,PALLET_WOOD_40x48,341,341

2026-11-01,PALLET_WOOD_44x56,405,405

2026-11-01,TIERSHEET_40x48,2046,2046

2026-11-01,TIERSHEET_44x56,2023,2023

2026-11-01,TOPFRAME_WOOD_40x48,341,341

2026-11-01,TOPFRAME_WOOD_44x56,197,197

2026-11-02,HOOD_PLASTIC_44x56,197,197

2026-11-02,PALLET_WOOD_40x48,341,341

2026-11-02,PALLET_WOOD_44x56,405,405

2026-11-02,TIERSHEET_40x48,2046,2046

2026-11-02,TIERSHEET_44x56,2023,2023

2026-11-02,TOPFRAME_WOOD_40x48,341,341

2026-11-02,TOPFRAME_WOOD_44x56,197,197

2026-11-03,PALLET_WOOD_40x48,510,510

2026-11-03,PALLET_WOOD_44x56,208,208

2026-11-03,TIERSHEET_40x48,3059,3059

2026-11-03,TIERSHEET_44x56,1039,1039

2026-11-03,TOPFRAME_WOOD_40x48,510,510

2026-11-04,PALLET_WOOD_40x48,510,510

2026-11-04,PALLET_WOOD_44x56,208,208

2026-11-04,TIERSHEET_40x48,3059,3059

2026-11-04,TIERSHEET_44x56,1039,1039

2026-11-04,TOPFRAME_WOOD_40x48,510,510

2026-11-05,PALLET_WOOD_40x48,510,510

2026-11-05,PALLET_WOOD_44x56,208,208

2026-11-05,TIERSHEET_40x48,3059,3059

2026-11-05,TIERSHEET_44x56,1039,1039

2026-11-05,TOPFRAME_WOOD_40x48,510,510

2026-11-06,PALLET_WOOD_40x48,510,510

2026-11-06,PALLET_WOOD_44x56,208,208

2026-11-06,TIERSHEET_40x48,3059,3059

2026-11-06,TIERSHEET_44x56,1039,1039

2026-11-06,TOPFRAME_WOOD_40x48,510,510

2026-11-07,PALLET_WOOD_40x48,510,510

2026-11-07,PALLET_WOOD_44x56,208,208

2026-11-07,TIERSHEET_40x48,3059,3059

2026-11-07,TIERSHEET_44x56,1039,1039

2026-11-07,TOPFRAME_WOOD_40x48,510,510

2026-11-08,PALLET_WOOD_40x48,510,510

2026-11-08,PALLET_WOOD_44x56,208,208

2026-11-08,TIERSHEET_40x48,3059,3059

2026-11-08,TIERSHEET_44x56,1039,1039

2026-11-08,TOPFRAME_WOOD_40x48,510,510

2026-11-09,PALLET_WOOD_40x48,490,490

2026-11-09,PALLET_WOOD_44x56,208,208

2026-11-09,TIERSHEET_40x48,2939,2939

2026-11-09,TIERSHEET_44x56,1039,1039

2026-11-09,TOPFRAME_WOOD_40x48,490,490

2026-11-10,PALLET_WOOD_40x48,490,490

2026-11-10,PALLET_WOOD_44x56,208,208

2026-11-10,TIERSHEET_40x48,2939,2939

2026-11-10,TIERSHEET_44x56,1039,1039

2026-11-10,TOPFRAME_WOOD_40x48,490,490

2026-11-11,PALLET_WOOD_40x48,490,490

2026-11-11,PALLET_WOOD_44x56,208,208

2026-11-11,TIERSHEET_40x48,2939,2939

2026-11-11,TIERSHEET_44x56,1039,1039

2026-11-11,TOPFRAME_WOOD_40x48,490,490

2026-11-12,HOOD_PLASTIC_44x56,137,137

2026-11-12,PALLET_WOOD_40x48,490,490

2026-11-12,PALLET_WOOD_44x56,137,137

2026-11-12,TIERSHEET_40x48,2939,2939

2026-11-12,TIERSHEET_44x56,1098,1098

2026-11-12,TOPFRAME_WOOD_40x48,490,490

2026-11-12,TOPFRAME_WOOD_44x56,137,137

2026-11-13,HOOD_PLASTIC_44x56,137,137

2026-11-13,PALLET_WOOD_40x48,490,490

2026-11-13,PALLET_WOOD_44x56,137,137

2026-11-13,TIERSHEET_40x48,2939,2939

2026-11-13,TIERSHEET_44x56,1098,1098

2026-11-13,TOPFRAME_WOOD_40x48,490,490

2026-11-13,TOPFRAME_WOOD_44x56,137,137

2026-11-14,HOOD_PLASTIC_44x56,137,137

2026-11-14,PALLET_WOOD_40x48,490,490

2026-11-14,PALLET_WOOD_44x56,137,137

2026-11-14,TIERSHEET_40x48,2939,2939

2026-11-14,TIERSHEET_44x56,1098,1098

2026-11-14,TOPFRAME_WOOD_40x48,490,490

2026-11-14,TOPFRAME_WOOD_44x56,137,137

2026-11-15,HOOD_PLASTIC_44x56,137,137

2026-11-15,PALLET_WOOD_40x48,490,490

2026-11-15,PALLET_WOOD_44x56,137,137

2026-11-15,TIERSHEET_40x48,2939,2939

2026-11-15,TIERSHEET_44x56,1098,1098

2026-11-15,TOPFRAME_WOOD_40x48,490,490

2026-11-15,TOPFRAME_WOOD_44x56,137,137

2026-11-16,HOOD_PLASTIC_44x56,137,137

2026-11-16,PALLET_WOOD_40x48,775,775

2026-11-16,PALLET_WOOD_44x56,137,137

2026-11-16,TIERSHEET_40x48,3347,3347

2026-11-16,TIERSHEET_44x56,1098,1098

2026-11-16,TOPFRAME_WOOD_40x48,341,341

2026-11-16,TOPFRAME_WOOD_44x56,137,137

2026-11-17,HOOD_PLASTIC_44x56,137,137

2026-11-17,PALLET_WOOD_40x48,775,775

2026-11-17,PALLET_WOOD_44x56,137,137

2026-11-17,TIERSHEET_40x48,3347,3347

2026-11-17,TIERSHEET_44x56,1098,1098

2026-11-17,TOPFRAME_WOOD_40x48,341,341

2026-11-17,TOPFRAME_WOOD_44x56,137,137

2026-11-18,HOOD_PLASTIC_40x48,159,109

2026-11-18,HOOD_PLASTIC_44x56,137,137

2026-11-18,PALLET_WOOD_40x48,593,593

2026-11-18,PALLET_WOOD_44x56,137,137

2026-11-18,TIERSHEET_40x48,2570,2570

2026-11-18,TIERSHEET_44x56,1098,1098

2026-11-18,TOPFRAME_WOOD_40x48,159,159

2026-11-18,TOPFRAME_WOOD_44x56,137,137

2026-11-19,HOOD_PLASTIC_40x48,159,159

2026-11-19,HOOD_PLASTIC_44x56,137,137

2026-11-19,PALLET_WOOD_40x48,593,593

2026-11-19,PALLET_WOOD_44x56,137,137

2026-11-19,TIERSHEET_40x48,2570,2570

2026-11-19,TIERSHEET_44x56,1098,1098

2026-11-19,TOPFRAME_WOOD_40x48,159,159

2026-11-19,TOPFRAME_WOOD_44x56,137,137

2026-11-20,HOOD_PLASTIC_40x48,159,159

2026-11-20,HOOD_PLASTIC_44x56,137,137

2026-11-20,PALLET_WOOD_40x48,593,593

2026-11-20,PALLET_WOOD_44x56,137,137

2026-11-20,TIERSHEET_40x48,2570,2570

2026-11-20,TIERSHEET_44x56,1098,1098

2026-11-20,TOPFRAME_WOOD_40x48,159,159

2026-11-20,TOPFRAME_WOOD_44x56,137,137

2026-11-21,HOOD_PLASTIC_40x48,159,159

2026-11-21,HOOD_PLASTIC_44x56,137,137

2026-11-21,PALLET_WOOD_40x48,593,593

2026-11-21,PALLET_WOOD_44x56,137,137

2026-11-21,TIERSHEET_40x48,2570,2570

2026-11-21,TIERSHEET_44x56,1098,1098

2026-11-21,TOPFRAME_WOOD_40x48,159,159

2026-11-21,TOPFRAME_WOOD_44x56,137,137

2026-11-22,HOOD_PLASTIC_40x48,159,159

2026-11-22,HOOD_PLASTIC_44x56,137,137

2026-11-22,PALLET_WOOD_40x48,593,593

2026-11-22,PALLET_WOOD_44x56,137,137

2026-11-22,TIERSHEET_40x48,2570,2570

2026-11-22,TIERSHEET_44x56,1098,1098

2026-11-22,TOPFRAME_WOOD_40x48,159,159

2026-11-22,TOPFRAME_WOOD_44x56,137,137

2026-11-23,HOOD_PLASTIC_40x48,159,159

2026-11-23,HOOD_PLASTIC_44x56,137,137

2026-11-23,PALLET_WOOD_40x48,593,593

2026-11-23,PALLET_WOOD_44x56,137,137

2026-11-23,TIERSHEET_40x48,2570,2570

2026-11-23,TIERSHEET_44x56,1098,1098

2026-11-23,TOPFRAME_WOOD_40x48,159,159

2026-11-23,TOPFRAME_WOOD_44x56,137,137

2026-11-24,HOOD_PLASTIC_40x48,159,159

2026-11-24,HOOD_PLASTIC_44x56,137,137

2026-11-24,PALLET_WOOD_40x48,593,593

2026-11-24,PALLET_WOOD_44x56,137,137

2026-11-24,TIERSHEET_40x48,2570,2570

2026-11-24,TIERSHEET_44x56,1098,1098

2026-11-24,TOPFRAME_WOOD_40x48,159,159

2026-11-24,TOPFRAME_WOOD_44x56,137,137

2026-11-25,HOOD_PLASTIC_40x48,159,159

2026-11-25,HOOD_PLASTIC_44x56,137,137

2026-11-25,PALLET_WOOD_40x48,159,159

2026-11-25,PALLET_WOOD_44x56,334,334

2026-11-25,TIERSHEET_40x48,1269,1269

2026-11-25,TIERSHEET_44x56,2081,2081

2026-11-25,TOPFRAME_WOOD_40x48,159,159

2026-11-25,TOPFRAME_WOOD_44x56,137,137

2026-11-26,HOOD_PLASTIC_40x48,159,159

2026-11-26,HOOD_PLASTIC_44x56,137,137

2026-11-26,PALLET_WOOD_40x48,159,159

2026-11-26,PALLET_WOOD_44x56,334,334

2026-11-26,TIERSHEET_40x48,1269,1269

2026-11-26,TIERSHEET_44x56,2081,2081

2026-11-26,TOPFRAME_WOOD_40x48,159,159

2026-11-26,TOPFRAME_WOOD_44x56,137,137

2026-11-27,HOOD_PLASTIC_40x48,159,159

2026-11-27,HOOD_PLASTIC_44x56,137,137

2026-11-27,PALLET_WOOD_40x48,159,159

2026-11-27,PALLET_WOOD_44x56,334,334

2026-11-27,TIERSHEET_40x48,1269,1269

2026-11-27,TIERSHEET_44x56,2081,2081

2026-11-27,TOPFRAME_WOOD_40x48,159,159

2026-11-27,TOPFRAME_WOOD_44x56,137,137

2026-11-28,HOOD_PLASTIC_40x48,159,159

2026-11-28,HOOD_PLASTIC_44x56,137,137

2026-11-28,PALLET_WOOD_40x48,159,159

2026-11-28,PALLET_WOOD_44x56,334,334

2026-11-28,TIERSHEET_40x48,1269,1269

2026-11-28,TIERSHEET_44x56,2081,2081

2026-11-28,TOPFRAME_WOOD_40x48,159,159

2026-11-28,TOPFRAME_WOOD_44x56,137,137

2026-11-29,PALLET_WOOD_40x48,245,245

2026-11-29,PALLET_WOOD_44x56,280,280

2026-11-29,TIERSHEET_40x48,491,491

2026-11-29,TIERSHEET_44x56,1565,1565

2026-11-29,TOPFRAME_WOOD_44x56,83,83

2026-11-30,PALLET_WOOD_40x48,245,245

2026-11-30,PALLET_WOOD_44x56,280,280

2026-11-30,TIERSHEET_40x48,491,491

2026-11-30,TIERSHEET_44x56,1565,1565

2026-11-30,TOPFRAME_WOOD_44x56,83,83

2026-12-01,PALLET_WOOD_40x48,245,245

2026-12-01,PALLET_WOOD_44x56,280,280

2026-12-01,TIERSHEET_40x48,491,491

2026-12-01,TIERSHEET_44x56,1565,1565

2026-12-01,TOPFRAME_WOOD_44x56,83,83

2026-12-02,PALLET_WOOD_40x48,438,438

2026-12-02,PALLET_WOOD_44x56,83,83

2026-12-02,TIERSHEET_40x48,1457,1457

2026-12-02,TIERSHEET_44x56,582,582

2026-12-02,TOPFRAME_WOOD_40x48,193,193

2026-12-02,TOPFRAME_WOOD_44x56,83,83

2026-12-03,PALLET_WOOD_40x48,438,438

2026-12-03,PALLET_WOOD_44x56,83,83

2026-12-03,TIERSHEET_40x48,1457,1457

2026-12-03,TIERSHEET_44x56,582,582

2026-12-03,TOPFRAME_WOOD_40x48,193,193

2026-12-03,TOPFRAME_WOOD_44x56,83,83

2026-12-04,PALLET_WOOD_40x48,438,438

2026-12-04,PALLET_WOOD_44x56,83,83

2026-12-04,TIERSHEET_40x48,1457,1457

2026-12-04,TIERSHEET_44x56,582,582

2026-12-04,TOPFRAME_WOOD_40x48,193,193

2026-12-04,TOPFRAME_WOOD_44x56,83,83

